id_tienda,id_producto,origin,pred_naive,pred_A_week,pred_B_week,pred_champion,actual_week
STORE_01,PROD_001,2024-02-18,48,53.119835,53.00016,53.00016,54
STORE_01,PROD_002,2024-02-18,64,68.83378,67.24077,67.24077,74
STORE_01,PROD_003,2024-02-18,54,52.541485,52.086777,52.086777,80
STORE_01,PROD_004,2024-02-18,43,48.06446,49.30112,49.30112,42
STORE_01,PROD_005,2024-02-18,67,80.25445,75.20779,75.20779,68
STORE_01,PROD_006,2024-02-18,86,83.21694,83.59055,83.59055,88
STORE_01,PROD_007,2024-02-18,85,91.764946,90.720535,90.720535,69
STORE_01,PROD_008,2024-02-18,80,83.36533,83.41964,83.41964,82
STORE_02,PROD_001,2024-02-18,80,70.34855,74.13293,74.13293,63
STORE_02,PROD_002,2024-02-18,110,100.98259,99.659874,99.659874,89
STORE_02,PROD_003,2024-02-18,111,93.6585,91.60801,91.60801,97
STORE_02,PROD_004,2024-02-18,81,72.305954,73.560265,73.560265,55
STORE_02,PROD_005,2024-02-18,157,146.19626,153.83391,153.83391,134
STORE_02,PROD_006,2024-02-18,108,121.469406,123.58704,123.58704,117
STORE_02,PROD_007,2024-02-18,123,130.6739,129.28874,129.28874,105
STORE_02,PROD_008,2024-02-18,99,133.73938,126.879265,126.879265,99
STORE_03,PROD_001,2024-02-18,78,80.72328,79.299675,79.299675,109
STORE_03,PROD_002,2024-02-18,82,83.557175,83.65783,83.65783,68
STORE_03,PROD_003,2024-02-18,100,90.283295,96.135574,96.135574,95
STORE_03,PROD_004,2024-02-18,58,56.60098,57.823135,57.823135,66
STORE_03,PROD_005,2024-02-18,134,153.224,154.47357,154.47357,144
STORE_03,PROD_006,2024-02-18,140,126.204475,126.37025,126.37025,149
STORE_03,PROD_007,2024-02-18,144,148.0263,151.74985,151.74985,173
STORE_03,PROD_008,2024-02-18,142,129.60231,135.95963,135.95963,128
STORE_04,PROD_001,2024-02-18,79,71.20866,74.3375,74.3375,60
STORE_04,PROD_002,2024-02-18,87,92.82069,91.21118,91.21118,58
STORE_04,PROD_003,2024-02-18,91,87.676025,86.417076,86.417076,105
STORE_04,PROD_004,2024-02-18,51,55.294163,55.719303,55.719303,48
STORE_04,PROD_005,2024-02-18,116,127.60201,126.37466,126.37466,103
STORE_04,PROD_006,2024-02-18,148,136.03284,140.35168,140.35168,142
STORE_04,PROD_007,2024-02-18,103,120.87138,120.35503,120.35503,106
STORE_04,PROD_008,2024-02-18,188,162.37933,161.25253,161.25253,167
STORE_05,PROD_001,2024-02-18,57,58.482517,60.372643,60.372643,54
STORE_05,PROD_002,2024-02-18,63,73.33535,72.10218,72.10218,60
STORE_05,PROD_003,2024-02-18,108,93.74037,95.623375,95.623375,116
STORE_05,PROD_004,2024-02-18,36,40.810177,42.81734,42.81734,42
STORE_05,PROD_005,2024-02-18,130,122.97966,132.25609,132.25609,121
STORE_05,PROD_006,2024-02-18,129,129.97139,126.55001,126.55001,111
STORE_05,PROD_007,2024-02-18,123,126.149734,124.37781,124.37781,127
STORE_05,PROD_008,2024-02-18,125,126.74037,124.9465,124.9465,155
STORE_06,PROD_001,2024-02-18,58,62.417706,62.705807,62.705807,59
STORE_06,PROD_002,2024-02-18,91,86.51237,88.74301,88.74301,83
STORE_06,PROD_003,2024-02-18,74,82.68267,81.12546,81.12546,75
STORE_06,PROD_004,2024-02-18,44,44.01698,46.477997,46.477997,55
STORE_06,PROD_005,2024-02-18,105,115.47385,116.210106,116.210106,90
STORE_06,PROD_006,2024-02-18,109,112.19128,117.5849,117.5849,107
STORE_06,PROD_007,2024-02-18,163,159.17838,153.4484,153.4484,129
STORE_06,PROD_008,2024-02-18,120,116.4873,114.73929,114.73929,119
STORE_07,PROD_001,2024-02-18,32,31.155064,29.714796,29.714796,31
STORE_07,PROD_002,2024-02-18,44,42.3412,44.444244,44.444244,35
STORE_07,PROD_003,2024-02-18,42,45.147263,43.734993,43.734993,52
STORE_07,PROD_004,2024-02-18,42,31.355892,29.757523,29.757523,33
STORE_07,PROD_005,2024-02-18,46,42.601925,45.506695,45.506695,46
STORE_07,PROD_006,2024-02-18,34,39.993507,40.7849,40.7849,63
STORE_07,PROD_007,2024-02-18,34,51.201855,48.684727,48.684727,42
STORE_07,PROD_008,2024-02-18,55,45.5237,44.417793,44.417793,51
STORE_08,PROD_001,2024-02-18,91,81.85364,85.31068,85.31068,80
STORE_08,PROD_002,2024-02-18,121,116.24739,121.97639,121.97639,117
STORE_08,PROD_003,2024-02-18,112,118.39985,120.59164,120.59164,139
STORE_08,PROD_004,2024-02-18,52,68.52247,66.36969,66.36969,47
STORE_08,PROD_005,2024-02-18,172,169.77638,181.55745,181.55745,213
STORE_08,PROD_006,2024-02-18,168,152.60567,163.7079,163.7079,204
STORE_08,PROD_007,2024-02-18,204,210.45714,204.57614,204.57614,204
STORE_08,PROD_008,2024-02-18,152,183.87859,183.8657,183.8657,179
STORE_09,PROD_001,2024-02-18,39,49.024525,48.45398,48.45398,38
STORE_09,PROD_002,2024-02-18,49,63.188904,64.20075,64.20075,45
STORE_09,PROD_003,2024-02-18,52,55.89666,57.862644,57.862644,63
STORE_09,PROD_004,2024-02-18,26,37.224243,34.849697,34.849697,34
STORE_09,PROD_005,2024-02-18,84,85.57489,81.85724,81.85724,101
STORE_09,PROD_006,2024-02-18,82,80.93661,84.88231,84.88231,67
STORE_09,PROD_007,2024-02-18,85,90.03448,87.8153,87.8153,96
STORE_09,PROD_008,2024-02-18,69,91.814476,86.04238,86.04238,94
STORE_10,PROD_001,2024-02-18,37,38.921776,41.151714,41.151714,41
STORE_10,PROD_002,2024-02-18,85,73.94773,77.199684,77.199684,72
STORE_10,PROD_003,2024-02-18,90,81.06918,84.48363,84.48363,63
STORE_10,PROD_004,2024-02-18,34,40.950397,38.55185,38.55185,26
STORE_10,PROD_005,2024-02-18,124,116.69919,113.010765,113.010765,90
STORE_10,PROD_006,2024-02-18,115,100.130005,97.81338,97.81338,105
STORE_10,PROD_007,2024-02-18,123,114.83099,113.65899,113.65899,111
STORE_10,PROD_008,2024-02-18,97,104.44682,101.5066,101.5066,88
STORE_11,PROD_001,2024-02-18,52,65.29004,63.130337,63.130337,57
STORE_11,PROD_002,2024-02-18,85,85.92794,91.44315,91.44315,77
STORE_11,PROD_003,2024-02-18,77,76.59482,78.948395,78.948395,64
STORE_11,PROD_004,2024-02-18,62,52.33001,51.58468,51.58468,63
STORE_11,PROD_005,2024-02-18,153,143.24901,144.96202,144.96202,140
STORE_11,PROD_006,2024-02-18,128,121.540115,117.78354,117.78354,113
STORE_11,PROD_007,2024-02-18,92,102.26668,107.143974,107.143974,116
STORE_11,PROD_008,2024-02-18,114,115.150894,114.64508,114.64508,102
STORE_12,PROD_001,2024-02-18,67,61.456192,60.39201,60.39201,80
STORE_12,PROD_002,2024-02-18,87,76.27504,80.903275,80.903275,82
STORE_12,PROD_003,2024-02-18,88,89.38078,93.276054,93.276054,85
STORE_12,PROD_004,2024-02-18,50,53.155422,54.102818,54.102818,52
STORE_12,PROD_005,2024-02-18,130,124.81767,133.56136,133.56136,130
STORE_12,PROD_006,2024-02-18,104,108.324715,110.82468,110.82468,118
STORE_12,PROD_007,2024-02-18,142,147.49515,143.72585,143.72585,116
STORE_12,PROD_008,2024-02-18,127,131.65889,127.7852,127.7852,110
STORE_13,PROD_001,2024-02-18,49,51.77499,56.130066,56.130066,63
STORE_13,PROD_002,2024-02-18,73,76.198875,77.34275,77.34275,75
STORE_13,PROD_003,2024-02-18,87,78.80487,78.14266,78.14266,89
STORE_13,PROD_004,2024-02-18,52,45.171215,45.324253,45.324253,51
STORE_13,PROD_005,2024-02-18,117,100.096535,101.91333,101.91333,109
STORE_13,PROD_006,2024-02-18,70,80.099724,77.48038,77.48038,77
STORE_13,PROD_007,2024-02-18,87,100.44407,100.7757,100.7757,101
STORE_13,PROD_008,2024-02-18,108,104.3149,108.23242,108.23242,102
STORE_14,PROD_001,2024-02-18,66,55.583855,57.72535,57.72535,55
STORE_14,PROD_002,2024-02-18,113,88.65111,84.051895,84.051895,63
STORE_14,PROD_003,2024-02-18,77,86.87477,86.73726,86.73726,77
STORE_14,PROD_004,2024-02-18,53,52.092598,51.04415,51.04415,68
STORE_14,PROD_005,2024-02-18,165,158.73517,150.72375,150.72375,181
STORE_14,PROD_006,2024-02-18,106,121.32927,119.716576,119.716576,92
STORE_14,PROD_007,2024-02-18,129,127.56871,127.306366,127.306366,110
STORE_14,PROD_008,2024-02-18,95,109.92223,107.38123,107.38123,100
STORE_15,PROD_001,2024-02-18,51,55.01463,53.217594,53.217594,35
STORE_15,PROD_002,2024-02-18,65,74.102135,74.76876,74.76876,62
STORE_15,PROD_003,2024-02-18,53,66.9736,65.02563,65.02563,66
STORE_15,PROD_004,2024-02-18,57,52.543266,51.50437,51.50437,56
STORE_15,PROD_005,2024-02-18,123,116.64479,121.95213,121.95213,129
STORE_15,PROD_006,2024-02-18,116,121.148476,120.44997,120.44997,150
STORE_15,PROD_007,2024-02-18,124,117.444954,118.95617,118.95617,135
STORE_15,PROD_008,2024-02-18,131,117.88218,112.99625,112.99625,129
STORE_16,PROD_001,2024-02-18,82,81.93319,84.202354,84.202354,85
STORE_16,PROD_002,2024-02-18,124,130.62491,122.431564,122.431564,157
STORE_16,PROD_003,2024-02-18,101,119.423004,116.84935,116.84935,122
STORE_16,PROD_004,2024-02-18,58,60.029507,57.905563,57.905563,53
STORE_16,PROD_005,2024-02-18,207,208.03348,200.20053,200.20053,233
STORE_16,PROD_006,2024-02-18,177,159.79199,183.69377,183.69377,184
STORE_16,PROD_007,2024-02-18,175,183.12973,180.26648,180.26648,184
STORE_16,PROD_008,2024-02-18,174,186.25783,190.08157,190.08157,175
STORE_17,PROD_001,2024-02-18,33,33.623466,31.67742,31.67742,36
STORE_17,PROD_002,2024-02-18,50,48.397354,50.016056,50.016056,57
STORE_17,PROD_003,2024-02-18,27,34.339035,36.120808,36.120808,42
STORE_17,PROD_004,2024-02-18,17,28.446844,26.417099,26.417099,20
STORE_17,PROD_005,2024-02-18,84,68.46442,73.36357,73.36357,71
STORE_17,PROD_006,2024-02-18,54,50.1383,48.318554,48.318554,43
STORE_17,PROD_007,2024-02-18,63,72.269905,70.50484,70.50484,73
STORE_17,PROD_008,2024-02-18,66,67.12685,62.45086,62.45086,78
STORE_18,PROD_001,2024-02-18,56,57.133076,57.735016,57.735016,62
STORE_18,PROD_002,2024-02-18,75,85.055016,86.16494,86.16494,110
STORE_18,PROD_003,2024-02-18,80,81.30615,79.22474,79.22474,87
STORE_18,PROD_004,2024-02-18,52,53.084435,55.370296,55.370296,70
STORE_18,PROD_005,2024-02-18,127,117.579994,120.77076,120.77076,111
STORE_18,PROD_006,2024-02-18,150,124.0882,122.47028,122.47028,130
STORE_18,PROD_007,2024-02-18,141,132.68199,126.850586,126.850586,143
STORE_18,PROD_008,2024-02-18,102,124.17329,127.55359,127.55359,91
STORE_19,PROD_001,2024-02-18,37,50.607357,49.77247,49.77247,53
STORE_19,PROD_002,2024-02-18,100,95.311745,90.645546,90.645546,96
STORE_19,PROD_003,2024-02-18,98,89.429276,91.84794,91.84794,89
STORE_19,PROD_004,2024-02-18,53,50.59675,52.629936,52.629936,46
STORE_19,PROD_005,2024-02-18,159,158.9622,157.67134,157.67134,166
STORE_19,PROD_006,2024-02-18,112,123.28194,120.29264,120.29264,133
STORE_19,PROD_007,2024-02-18,96,134.29593,135.16814,135.16814,128
STORE_19,PROD_008,2024-02-18,124,126.10579,117.78276,117.78276,115
STORE_20,PROD_001,2024-02-18,46,50.489906,48.63074,48.63074,36
STORE_20,PROD_002,2024-02-18,75,71.203835,71.90819,71.90819,79
STORE_20,PROD_003,2024-02-18,91,93.38153,91.27771,91.27771,86
STORE_20,PROD_004,2024-02-18,57,47.46648,49.209282,49.209282,47
STORE_20,PROD_005,2024-02-18,145,125.37734,133.4791,133.4791,148
STORE_20,PROD_006,2024-02-18,164,124.58327,124.31287,124.31287,141
STORE_20,PROD_007,2024-02-18,125,119.45226,120.25954,120.25954,122
STORE_20,PROD_008,2024-02-18,114,117.697395,117.95035,117.95035,121
STORE_01,PROD_001,2024-02-25,54,52.572823,52.296616,52.296616,57
STORE_01,PROD_002,2024-02-25,74,68.79868,69.68961,69.68961,63
STORE_01,PROD_003,2024-02-25,80,65.343925,65.24924,65.24924,67
STORE_01,PROD_004,2024-02-25,42,43.14668,42.641605,42.641605,47
STORE_01,PROD_005,2024-02-25,68,85.09352,77.69041,77.69041,78
STORE_01,PROD_006,2024-02-25,88,83.8573,85.1853,85.1853,86
STORE_01,PROD_007,2024-02-25,69,85.94051,83.34162,83.34162,74
STORE_01,PROD_008,2024-02-25,82,85.78076,84.85628,84.85628,71
STORE_02,PROD_001,2024-02-25,63,74.21455,72.353325,72.353325,72
STORE_02,PROD_002,2024-02-25,89,94.39864,93.11412,93.11412,89
STORE_02,PROD_003,2024-02-25,97,87.611176,84.58362,84.58362,122
STORE_02,PROD_004,2024-02-25,55,64.58498,64.31964,64.31964,65
STORE_02,PROD_005,2024-02-25,134,140.11458,140.50803,140.50803,116
STORE_02,PROD_006,2024-02-25,117,117.59048,115.8667,115.8667,118
STORE_02,PROD_007,2024-02-25,105,115.39713,117.04824,117.04824,110
STORE_02,PROD_008,2024-02-25,99,112.37378,116.5835,116.5835,105
STORE_03,PROD_001,2024-02-25,109,79.657486,82.955315,82.955315,77
STORE_03,PROD_002,2024-02-25,68,75.499374,77.65323,77.65323,85
STORE_03,PROD_003,2024-02-25,95,89.8493,92.578575,92.578575,104
STORE_03,PROD_004,2024-02-25,66,64.11516,66.19623,66.19623,51
STORE_03,PROD_005,2024-02-25,144,142.51009,145.83241,145.83241,127
STORE_03,PROD_006,2024-02-25,149,141.3408,138.92497,138.92497,144
STORE_03,PROD_007,2024-02-25,173,154.8217,162.05144,162.05144,140
STORE_03,PROD_008,2024-02-25,128,139.11778,139.35025,139.35025,125
STORE_04,PROD_001,2024-02-25,60,72.8371,67.921234,67.921234,68
STORE_04,PROD_002,2024-02-25,58,86.08024,82.99693,82.99693,87
STORE_04,PROD_003,2024-02-25,105,88.833725,94.17893,94.17893,124
STORE_04,PROD_004,2024-02-25,48,55.565178,53.060715,53.060715,63
STORE_04,PROD_005,2024-02-25,103,125.3144,121.70451,121.70451,189
STORE_04,PROD_006,2024-02-25,142,161.32776,154.50652,154.50652,192
STORE_04,PROD_007,2024-02-25,106,116.40899,120.8197,120.8197,105
STORE_04,PROD_008,2024-02-25,167,169.28629,169.18492,169.18492,185
STORE_05,PROD_001,2024-02-25,54,55.668858,56.321526,56.321526,63
STORE_05,PROD_002,2024-02-25,60,74.35414,71.2683,71.2683,57
STORE_05,PROD_003,2024-02-25,116,101.27556,101.57764,101.57764,95
STORE_05,PROD_004,2024-02-25,42,41.797806,42.49234,42.49234,37
STORE_05,PROD_005,2024-02-25,121,129.08862,121.80675,121.80675,142
STORE_05,PROD_006,2024-02-25,111,126.35678,120.23315,120.23315,112
STORE_05,PROD_007,2024-02-25,127,120.42355,121.674774,121.674774,146
STORE_05,PROD_008,2024-02-25,155,133.62283,139.02347,139.02347,143
STORE_06,PROD_001,2024-02-25,59,57.043648,57.708416,57.708416,69
STORE_06,PROD_002,2024-02-25,83,87.451454,86.19398,86.19398,91
STORE_06,PROD_003,2024-02-25,75,78.53602,78.79397,78.79397,58
STORE_06,PROD_004,2024-02-25,55,51.841057,50.392963,50.392963,33
STORE_06,PROD_005,2024-02-25,90,103.715294,104.2698,104.2698,97
STORE_06,PROD_006,2024-02-25,107,113.89983,114.672035,114.672035,87
STORE_06,PROD_007,2024-02-25,129,137.32588,140.90288,140.90288,162
STORE_06,PROD_008,2024-02-25,119,118.463425,117.65417,117.65417,127
STORE_07,PROD_001,2024-02-25,31,31.900705,32.921707,32.921707,32
STORE_07,PROD_002,2024-02-25,35,38.420994,39.625114,39.625114,50
STORE_07,PROD_003,2024-02-25,52,45.645382,46.76039,46.76039,51
STORE_07,PROD_004,2024-02-25,33,33.54259,33.530773,33.530773,17
STORE_07,PROD_005,2024-02-25,46,48.857662,46.83095,46.83095,46
STORE_07,PROD_006,2024-02-25,63,50.21183,48.562347,48.562347,45
STORE_07,PROD_007,2024-02-25,42,43.92082,44.499786,44.499786,52
STORE_07,PROD_008,2024-02-25,51,48.932373,47.40572,47.40572,48
STORE_08,PROD_001,2024-02-25,80,84.5552,88.01929,88.01929,77
STORE_08,PROD_002,2024-02-25,117,121.84574,126.76516,126.76516,109
STORE_08,PROD_003,2024-02-25,139,117.14321,124.69,124.69,119
STORE_08,PROD_004,2024-02-25,47,58.82471,57.822956,57.822956,68
STORE_08,PROD_005,2024-02-25,213,178.6224,197.50104,197.50104,170
STORE_08,PROD_006,2024-02-25,204,166.23143,171.53174,171.53174,171
STORE_08,PROD_007,2024-02-25,204,199.5103,203.1814,203.1814,203
STORE_08,PROD_008,2024-02-25,179,171.14166,167.41983,167.41983,172
STORE_09,PROD_001,2024-02-25,38,42.433075,43.78234,43.78234,42
STORE_09,PROD_002,2024-02-25,45,48.182022,48.092644,48.092644,58
STORE_09,PROD_003,2024-02-25,63,58.18925,60.642273,60.642273,74
STORE_09,PROD_004,2024-02-25,34,33.523434,33.817757,33.817757,27
STORE_09,PROD_005,2024-02-25,101,85.99022,90.465096,90.465096,92
STORE_09,PROD_006,2024-02-25,67,82.012085,80.87938,80.87938,78
STORE_09,PROD_007,2024-02-25,96,88.702515,85.003456,85.003456,99
STORE_09,PROD_008,2024-02-25,94,82.73057,86.766136,86.766136,88
STORE_10,PROD_001,2024-02-25,41,40.190132,41.052563,41.052563,47
STORE_10,PROD_002,2024-02-25,72,69.22494,70.499855,70.499855,75
STORE_10,PROD_003,2024-02-25,63,80.23196,74.54605,74.54605,67
STORE_10,PROD_004,2024-02-25,26,35.518314,36.529457,36.529457,36
STORE_10,PROD_005,2024-02-25,90,109.92647,108.82211,108.82211,114
STORE_10,PROD_006,2024-02-25,105,107.3406,107.89199,107.89199,87
STORE_10,PROD_007,2024-02-25,111,110.64725,116.79614,116.79614,128
STORE_10,PROD_008,2024-02-25,88,102.77954,101.85997,101.85997,74
STORE_11,PROD_001,2024-02-25,57,54.85649,55.975212,55.975212,58
STORE_11,PROD_002,2024-02-25,77,80.97766,82.813156,82.813156,81
STORE_11,PROD_003,2024-02-25,64,73.073494,69.21377,69.21377,69
STORE_11,PROD_004,2024-02-25,63,54.702766,56.19861,56.19861,58
STORE_11,PROD_005,2024-02-25,140,133.11095,131.93863,131.93863,162
STORE_11,PROD_006,2024-02-25,113,119.66688,123.26076,123.26076,111
STORE_11,PROD_007,2024-02-25,116,99.67083,106.76624,106.76624,99
STORE_11,PROD_008,2024-02-25,102,110.245834,109.61129,109.61129,115
STORE_12,PROD_001,2024-02-25,80,65.74272,66.42209,66.42209,77
STORE_12,PROD_002,2024-02-25,82,85.4497,83.87819,83.87819,74
STORE_12,PROD_003,2024-02-25,85,86.188484,88.35069,88.35069,105
STORE_12,PROD_004,2024-02-25,52,53.34948,53.8181,53.8181,67
STORE_12,PROD_005,2024-02-25,130,125.58741,124.03453,124.03453,130
STORE_12,PROD_006,2024-02-25,118,111.136795,114.000656,114.000656,108
STORE_12,PROD_007,2024-02-25,116,127.090416,123.47084,123.47084,113
STORE_12,PROD_008,2024-02-25,110,125.18154,124.09741,124.09741,148
STORE_13,PROD_001,2024-02-25,63,53.92357,53.225388,53.225388,43
STORE_13,PROD_002,2024-02-25,75,73.65015,74.34084,74.34084,55
STORE_13,PROD_003,2024-02-25,89,80.42649,83.16057,83.16057,81
STORE_13,PROD_004,2024-02-25,51,45.76916,45.74116,45.74116,48
STORE_13,PROD_005,2024-02-25,109,110.00576,108.009415,108.009415,118
STORE_13,PROD_006,2024-02-25,77,86.27456,86.486984,86.486984,66
STORE_13,PROD_007,2024-02-25,101,101.3634,94.78272,94.78272,96
STORE_13,PROD_008,2024-02-25,102,100.14997,103.82739,103.82739,106
STORE_14,PROD_001,2024-02-25,55,57.667282,57.356476,57.356476,63
STORE_14,PROD_002,2024-02-25,63,96.03971,86.97562,86.97562,81
STORE_14,PROD_003,2024-02-25,77,86.233986,83.78873,83.78873,74
STORE_14,PROD_004,2024-02-25,68,58.051315,57.11568,57.11568,57
STORE_14,PROD_005,2024-02-25,181,168.2129,168.31747,168.31747,151
STORE_14,PROD_006,2024-02-25,92,107.670586,107.56141,107.56141,111
STORE_14,PROD_007,2024-02-25,110,119.697716,119.580864,119.580864,125
STORE_14,PROD_008,2024-02-25,100,106.64178,105.4661,105.4661,110
STORE_15,PROD_001,2024-02-25,35,49.446434,49.597755,49.597755,45
STORE_15,PROD_002,2024-02-25,62,71.56137,70.628235,70.628235,71
STORE_15,PROD_003,2024-02-25,66,62.808285,64.26916,64.26916,76
STORE_15,PROD_004,2024-02-25,56,49.77902,50.002533,50.002533,46
STORE_15,PROD_005,2024-02-25,129,126.22958,122.926575,122.926575,120
STORE_15,PROD_006,2024-02-25,150,123.317696,128.4888,128.4888,114
STORE_15,PROD_007,2024-02-25,135,119.97577,121.158226,121.158226,119
STORE_15,PROD_008,2024-02-25,129,116.144356,121.28996,121.28996,138
STORE_16,PROD_001,2024-02-25,85,82.66714,86.505066,86.505066,66
STORE_16,PROD_002,2024-02-25,157,134.94876,140.67604,140.67604,140
STORE_16,PROD_003,2024-02-25,122,111.26741,119.96263,119.96263,115
STORE_16,PROD_004,2024-02-25,53,58.21793,58.99878,58.99878,57
STORE_16,PROD_005,2024-02-25,233,210.11346,209.2476,209.2476,225
STORE_16,PROD_006,2024-02-25,184,170.21307,186.13913,186.13913,198
STORE_16,PROD_007,2024-02-25,184,174.10312,178.55566,178.55566,159
STORE_16,PROD_008,2024-02-25,175,174.32896,181.11612,181.11612,131
STORE_17,PROD_001,2024-02-25,36,31.45031,33.51922,33.51922,43
STORE_17,PROD_002,2024-02-25,57,50.581684,48.76883,48.76883,42
STORE_17,PROD_003,2024-02-25,42,39.12503,37.083855,37.083855,42
STORE_17,PROD_004,2024-02-25,20,21.769814,25.360546,25.360546,26
STORE_17,PROD_005,2024-02-25,71,76.12018,72.88518,72.88518,72
STORE_17,PROD_006,2024-02-25,43,47.754547,48.734024,48.734024,47
STORE_17,PROD_007,2024-02-25,73,69.48751,72.89038,72.89038,60
STORE_17,PROD_008,2024-02-25,78,67.060036,69.329544,69.329544,56
STORE_18,PROD_001,2024-02-25,62,56.527542,55.90438,55.90438,69
STORE_18,PROD_002,2024-02-25,110,86.413704,90.16942,90.16942,102
STORE_18,PROD_003,2024-02-25,87,88.250206,84.757614,84.757614,60
STORE_18,PROD_004,2024-02-25,70,58.896633,60.13115,60.13115,71
STORE_18,PROD_005,2024-02-25,111,119.59194,117.068436,117.068436,110
STORE_18,PROD_006,2024-02-25,130,127.25361,127.61244,127.61244,104
STORE_18,PROD_007,2024-02-25,143,145.43161,146.8531,146.8531,140
STORE_18,PROD_008,2024-02-25,91,111.97749,109.02122,109.02122,101
STORE_19,PROD_001,2024-02-25,53,53.34067,51.703747,51.703747,54
STORE_19,PROD_002,2024-02-25,96,88.5669,87.941444,87.941444,74
STORE_19,PROD_003,2024-02-25,89,86.718216,87.611916,87.611916,87
STORE_19,PROD_004,2024-02-25,46,50.68948,50.515938,50.515938,53
STORE_19,PROD_005,2024-02-25,166,159.80478,166.37862,166.37862,141
STORE_19,PROD_006,2024-02-25,133,120.438644,122.36517,122.36517,117
STORE_19,PROD_007,2024-02-25,128,128.17442,123.353836,123.353836,154
STORE_19,PROD_008,2024-02-25,115,120.017395,120.782715,120.782715,103
STORE_20,PROD_001,2024-02-25,36,48.712345,47.552116,47.552116,39
STORE_20,PROD_002,2024-02-25,79,81.36877,77.48891,77.48891,88
STORE_20,PROD_003,2024-02-25,86,87.79296,84.58994,84.58994,96
STORE_20,PROD_004,2024-02-25,47,54.229294,52.487953,52.487953,57
STORE_20,PROD_005,2024-02-25,148,139.0823,139.1171,139.1171,121
STORE_20,PROD_006,2024-02-25,141,134.91283,134.10518,134.10518,147
STORE_20,PROD_007,2024-02-25,122,119.284355,118.65396,118.65396,131
STORE_20,PROD_008,2024-02-25,121,117.9107,117.8556,117.8556,133
STORE_01,PROD_001,2024-03-03,57,53.10892,53.014206,53.014206,38
STORE_01,PROD_002,2024-03-03,63,71.87463,67.833496,67.833496,71
STORE_01,PROD_003,2024-03-03,67,70.19755,69.14276,69.14276,61
STORE_01,PROD_004,2024-03-03,47,48.475628,46.877464,46.877464,38
STORE_01,PROD_005,2024-03-03,78,84.52204,80.51188,80.51188,83
STORE_01,PROD_006,2024-03-03,86,79.104546,86.75088,86.75088,76
STORE_01,PROD_007,2024-03-03,74,77.236305,75.13464,75.13464,82
STORE_01,PROD_008,2024-03-03,71,80.90169,78.44897,78.44897,72
STORE_02,PROD_001,2024-03-03,72,68.34235,69.44478,69.44478,70
STORE_02,PROD_002,2024-03-03,89,90.41712,88.68408,88.68408,93
STORE_02,PROD_003,2024-03-03,122,109.27143,108.56094,108.56094,99
STORE_02,PROD_004,2024-03-03,65,63.92805,64.45117,64.45117,74
STORE_02,PROD_005,2024-03-03,116,121.9571,118.1096,118.1096,114
STORE_02,PROD_006,2024-03-03,118,114.14694,111.66173,111.66173,97
STORE_02,PROD_007,2024-03-03,110,112.55595,118.9223,118.9223,123
STORE_02,PROD_008,2024-03-03,105,108.8279,110.344894,110.344894,97
STORE_03,PROD_001,2024-03-03,77,80.73555,82.20586,82.20586,94
STORE_03,PROD_002,2024-03-03,85,77.110245,80.58062,80.58062,81
STORE_03,PROD_003,2024-03-03,104,94.69449,95.039444,95.039444,91
STORE_03,PROD_004,2024-03-03,51,64.74694,64.51093,64.51093,55
STORE_03,PROD_005,2024-03-03,127,132.23677,135.7363,135.7363,125
STORE_03,PROD_006,2024-03-03,144,135.62231,138.58879,138.58879,135
STORE_03,PROD_007,2024-03-03,140,148.4264,145.86852,145.86852,138
STORE_03,PROD_008,2024-03-03,125,123.59574,122.40571,122.40571,121
STORE_04,PROD_001,2024-03-03,68,65.268974,66.07185,66.07185,72
STORE_04,PROD_002,2024-03-03,87,83.566925,88.06729,88.06729,99
STORE_04,PROD_003,2024-03-03,124,109.67942,110.917244,110.917244,78
STORE_04,PROD_004,2024-03-03,63,56.77632,58.155155,58.155155,59
STORE_04,PROD_005,2024-03-03,189,144.10768,142.34772,142.34772,114
STORE_04,PROD_006,2024-03-03,192,165.4523,167.10938,167.10938,172
STORE_04,PROD_007,2024-03-03,105,114.50035,120.96274,120.96274,113
STORE_04,PROD_008,2024-03-03,185,150.47893,149.69464,149.69464,173
STORE_05,PROD_001,2024-03-03,63,57.327927,59.785995,59.785995,66
STORE_05,PROD_002,2024-03-03,57,64.74182,65.81836,65.81836,56
STORE_05,PROD_003,2024-03-03,95,110.0479,106.16774,106.16774,114
STORE_05,PROD_004,2024-03-03,37,40.514744,43.201958,43.201958,45
STORE_05,PROD_005,2024-03-03,142,136.29924,134.6276,134.6276,116
STORE_05,PROD_006,2024-03-03,112,127.38652,124.72052,124.72052,141
STORE_05,PROD_007,2024-03-03,146,127.84315,127.20436,127.20436,140
STORE_05,PROD_008,2024-03-03,143,147.84299,143.4062,143.4062,153
STORE_06,PROD_001,2024-03-03,69,56.913994,58.568222,58.568222,58
STORE_06,PROD_002,2024-03-03,91,85.33111,86.14033,86.14033,67
STORE_06,PROD_003,2024-03-03,58,72.41458,70.373,70.373,67
STORE_06,PROD_004,2024-03-03,33,44.7168,45.878242,45.878242,44
STORE_06,PROD_005,2024-03-03,97,98.84725,102.91429,102.91429,106
STORE_06,PROD_006,2024-03-03,87,105.69049,101.07381,101.07381,108
STORE_06,PROD_007,2024-03-03,162,155.70909,159.95529,159.95529,162
STORE_06,PROD_008,2024-03-03,127,116.86003,118.00754,118.00754,120
STORE_07,PROD_001,2024-03-03,32,29.265524,30.930283,30.930283,29
STORE_07,PROD_002,2024-03-03,50,46.98837,45.58993,45.58993,51
STORE_07,PROD_003,2024-03-03,51,48.254604,47.75965,47.75965,44
STORE_07,PROD_004,2024-03-03,17,24.70041,24.728403,24.728403,22
STORE_07,PROD_005,2024-03-03,46,46.228436,47.857327,47.857327,50
STORE_07,PROD_006,2024-03-03,45,44.68601,46.96255,46.96255,51
STORE_07,PROD_007,2024-03-03,52,50.281284,51.46073,51.46073,54
STORE_07,PROD_008,2024-03-03,48,47.41049,47.36162,47.36162,64
STORE_08,PROD_001,2024-03-03,77,81.93275,82.56716,82.56716,90
STORE_08,PROD_002,2024-03-03,109,116.92152,114.88918,114.88918,95
STORE_08,PROD_003,2024-03-03,119,120.229744,124.852066,124.852066,144
STORE_08,PROD_004,2024-03-03,68,55.78904,60.876575,60.876575,49
STORE_08,PROD_005,2024-03-03,170,185.97272,182.44034,182.44034,181
STORE_08,PROD_006,2024-03-03,171,169.91997,163.03944,163.03944,146
STORE_08,PROD_007,2024-03-03,203,207.6724,203.12408,203.12408,220
STORE_08,PROD_008,2024-03-03,172,168.17705,156.96356,156.96356,154
STORE_09,PROD_001,2024-03-03,42,39.612015,41.53994,41.53994,43
STORE_09,PROD_002,2024-03-03,58,54.69146,52.955696,52.955696,45
STORE_09,PROD_003,2024-03-03,74,65.60167,63.327827,63.327827,75
STORE_09,PROD_004,2024-03-03,27,32.97422,34.329506,34.329506,32
STORE_09,PROD_005,2024-03-03,92,90.90516,91.970406,91.970406,65
STORE_09,PROD_006,2024-03-03,78,70.18149,70.95065,70.95065,54
STORE_09,PROD_007,2024-03-03,99,89.0858,90.99855,90.99855,90
STORE_09,PROD_008,2024-03-03,88,86.32372,89.441055,89.441055,77
STORE_10,PROD_001,2024-03-03,47,44.873108,44.783165,44.783165,46
STORE_10,PROD_002,2024-03-03,75,76.52315,74.99226,74.99226,84
STORE_10,PROD_003,2024-03-03,67,72.515236,70.02672,70.02672,66
STORE_10,PROD_004,2024-03-03,36,37.00478,37.001,37.001,36
STORE_10,PROD_005,2024-03-03,114,110.70019,113.14857,113.14857,116
STORE_10,PROD_006,2024-03-03,87,100.46125,104.31702,104.31702,103
STORE_10,PROD_007,2024-03-03,128,112.25566,120.53756,120.53756,128
STORE_10,PROD_008,2024-03-03,74,93.64458,93.110916,93.110916,77
STORE_11,PROD_001,2024-03-03,58,56.99315,57.69454,57.69454,52
STORE_11,PROD_002,2024-03-03,81,79.6473,80.2925,80.2925,106
STORE_11,PROD_003,2024-03-03,69,69.77831,66.691605,66.691605,69
STORE_11,PROD_004,2024-03-03,58,57.109035,58.592857,58.592857,44
STORE_11,PROD_005,2024-03-03,162,131.94646,149.39638,149.39638,154
STORE_11,PROD_006,2024-03-03,111,119.460175,119.08854,119.08854,124
STORE_11,PROD_007,2024-03-03,99,105.25734,112.54687,112.54687,86
STORE_11,PROD_008,2024-03-03,115,108.0099,108.93821,108.93821,130
STORE_12,PROD_001,2024-03-03,77,69.3652,74.99594,74.99594,92
STORE_12,PROD_002,2024-03-03,74,85.90505,83.065506,83.065506,72
STORE_12,PROD_003,2024-03-03,105,94.17779,97.59993,97.59993,97
STORE_12,PROD_004,2024-03-03,67,56.751255,56.495594,56.495594,62
STORE_12,PROD_005,2024-03-03,130,122.21157,123.83472,123.83472,138
STORE_12,PROD_006,2024-03-03,108,116.8687,116.244835,116.244835,91
STORE_12,PROD_007,2024-03-03,113,123.60809,120.1037,120.1037,124
STORE_12,PROD_008,2024-03-03,148,129.0032,134.0502,134.0502,138
STORE_13,PROD_001,2024-03-03,43,53.468674,51.40737,51.40737,54
STORE_13,PROD_002,2024-03-03,55,73.552025,66.74421,66.74421,78
STORE_13,PROD_003,2024-03-03,81,80.365974,81.90261,81.90261,61
STORE_13,PROD_004,2024-03-03,48,49.22889,48.046665,48.046665,65
STORE_13,PROD_005,2024-03-03,118,118.58943,112.9195,112.9195,114
STORE_13,PROD_006,2024-03-03,66,72.791046,73.242714,73.242714,80
STORE_13,PROD_007,2024-03-03,96,91.530235,98.51409,98.51409,77
STORE_13,PROD_008,2024-03-03,106,104.99177,103.39289,103.39289,108
STORE_14,PROD_001,2024-03-03,63,56.02856,57.783215,57.783215,66
STORE_14,PROD_002,2024-03-03,81,81.32234,82.32038,82.32038,74
STORE_14,PROD_003,2024-03-03,74,81.88372,79.93299,79.93299,94
STORE_14,PROD_004,2024-03-03,57,63.293797,62.57698,62.57698,46
STORE_14,PROD_005,2024-03-03,151,166.4418,152.5933,152.5933,165
STORE_14,PROD_006,2024-03-03,111,102.89936,104.9889,104.9889,117
STORE_14,PROD_007,2024-03-03,125,116.74367,124.368484,124.368484,110
STORE_14,PROD_008,2024-03-03,110,109.13644,110.82158,110.82158,78
STORE_15,PROD_001,2024-03-03,45,44.551987,46.090797,46.090797,49
STORE_15,PROD_002,2024-03-03,71,66.748764,67.73451,67.73451,68
STORE_15,PROD_003,2024-03-03,76,72.06617,73.12848,73.12848,57
STORE_15,PROD_004,2024-03-03,46,53.199112,53.256226,53.256226,61
STORE_15,PROD_005,2024-03-03,120,125.1066,126.157455,126.157455,120
STORE_15,PROD_006,2024-03-03,114,121.6702,119.06804,119.06804,136
STORE_15,PROD_007,2024-03-03,119,127.02414,122.85469,122.85469,107
STORE_15,PROD_008,2024-03-03,138,120.37413,125.52701,125.52701,100
STORE_16,PROD_001,2024-03-03,66,76.58048,77.2837,77.2837,85
STORE_16,PROD_002,2024-03-03,140,149.47543,143.76126,143.76126,155
STORE_16,PROD_003,2024-03-03,115,115.93325,112.27043,112.27043,120
STORE_16,PROD_004,2024-03-03,57,55.61146,56.429028,56.429028,47
STORE_16,PROD_005,2024-03-03,225,202.82271,198.4709,198.4709,226
STORE_16,PROD_006,2024-03-03,198,199.40242,194.10109,194.10109,203
STORE_16,PROD_007,2024-03-03,159,178.86096,176.81918,176.81918,153
STORE_16,PROD_008,2024-03-03,131,189.17494,179.95074,179.95074,144
STORE_17,PROD_001,2024-03-03,43,39.577522,36.960464,36.960464,30
STORE_17,PROD_002,2024-03-03,42,47.532978,48.60747,48.60747,70
STORE_17,PROD_003,2024-03-03,42,40.540257,39.200935,39.200935,36
STORE_17,PROD_004,2024-03-03,26,24.9194,26.642115,26.642115,19
STORE_17,PROD_005,2024-03-03,72,71.73872,71.38536,71.38536,59
STORE_17,PROD_006,2024-03-03,47,46.47214,48.813805,48.813805,46
STORE_17,PROD_007,2024-03-03,60,70.311264,67.86324,67.86324,67
STORE_17,PROD_008,2024-03-03,56,69.036964,66.71782,66.71782,63
STORE_18,PROD_001,2024-03-03,69,63.737423,65.43684,65.43684,71
STORE_18,PROD_002,2024-03-03,102,98.69623,99.241394,99.241394,101
STORE_18,PROD_003,2024-03-03,60,79.45602,76.51796,76.51796,62
STORE_18,PROD_004,2024-03-03,71,60.67441,62.660213,62.660213,52
STORE_18,PROD_005,2024-03-03,110,124.17178,122.89471,122.89471,102
STORE_18,PROD_006,2024-03-03,104,125.52643,121.13432,121.13432,128
STORE_18,PROD_007,2024-03-03,140,131.40906,131.51553,131.51553,150
STORE_18,PROD_008,2024-03-03,101,107.25897,107.44219,107.44219,111
STORE_19,PROD_001,2024-03-03,54,52.103996,53.353615,53.353615,53
STORE_19,PROD_002,2024-03-03,74,84.09411,82.082794,82.082794,71
STORE_19,PROD_003,2024-03-03,87,90.09761,87.25285,87.25285,86
STORE_19,PROD_004,2024-03-03,53,52.191536,53.83761,53.83761,54
STORE_19,PROD_005,2024-03-03,141,151.65474,153.2102,153.2102,188
STORE_19,PROD_006,2024-03-03,117,120.10899,117.54218,117.54218,115
STORE_19,PROD_007,2024-03-03,154,128.12183,131.38222,131.38222,128
STORE_19,PROD_008,2024-03-03,103,116.031815,115.84367,115.84367,96
STORE_20,PROD_001,2024-03-03,39,45.522083,46.60689,46.60689,45
STORE_20,PROD_002,2024-03-03,88,82.79355,85.65681,85.65681,66
STORE_20,PROD_003,2024-03-03,96,86.511185,92.75232,92.75232,112
STORE_20,PROD_004,2024-03-03,57,55.517654,55.85102,55.85102,48
STORE_20,PROD_005,2024-03-03,121,130.60167,135.99529,135.99529,123
STORE_20,PROD_006,2024-03-03,147,139.96432,145.08224,145.08224,145
STORE_20,PROD_007,2024-03-03,131,127.16719,124.9903,124.9903,106
STORE_20,PROD_008,2024-03-03,133,121.95559,123.61101,123.61101,161
STORE_01,PROD_001,2024-03-10,38,45.68665,45.763954,45.763954,39
STORE_01,PROD_002,2024-03-10,71,65.61023,60.66996,60.66996,61
STORE_01,PROD_003,2024-03-10,61,66.00902,66.954285,66.954285,45
STORE_01,PROD_004,2024-03-10,38,38.733116,38.037037,38.037037,54
STORE_01,PROD_005,2024-03-10,83,85.82267,84.05611,84.05611,80
STORE_01,PROD_006,2024-03-10,76,81.1406,80.53396,80.53396,81
STORE_01,PROD_007,2024-03-10,82,81.06537,76.046616,76.046616,63
STORE_01,PROD_008,2024-03-10,72,81.03193,78.373184,78.373184,69
STORE_02,PROD_001,2024-03-10,70,71.23361,69.04663,69.04663,77
STORE_02,PROD_002,2024-03-10,93,94.786064,92.7811,92.7811,111
STORE_02,PROD_003,2024-03-10,99,95.94442,98.47527,98.47527,110
STORE_02,PROD_004,2024-03-10,74,68.2711,63.13029,63.13029,75
STORE_02,PROD_005,2024-03-10,114,128.68039,119.71991,119.71991,105
STORE_02,PROD_006,2024-03-10,97,107.410866,102.87729,102.87729,102
STORE_02,PROD_007,2024-03-10,123,116.67116,117.63675,117.63675,114
STORE_02,PROD_008,2024-03-10,97,104.39669,104.28706,104.28706,129
STORE_03,PROD_001,2024-03-10,94,79.13876,80.34449,80.34449,92
STORE_03,PROD_002,2024-03-10,81,87.30973,84.1517,84.1517,91
STORE_03,PROD_003,2024-03-10,91,93.077034,88.98133,88.98133,84
STORE_03,PROD_004,2024-03-10,55,58.895096,58.804886,58.804886,58
STORE_03,PROD_005,2024-03-10,125,129.93298,127.41391,127.41391,143
STORE_03,PROD_006,2024-03-10,135,136.69012,136.96587,136.96587,140
STORE_03,PROD_007,2024-03-10,138,135.94328,139.29091,139.29091,173
STORE_03,PROD_008,2024-03-10,121,121.27539,116.642685,116.642685,140
STORE_04,PROD_001,2024-03-10,72,66.27668,67.61487,67.61487,73
STORE_04,PROD_002,2024-03-10,99,93.915344,90.77728,90.77728,84
STORE_04,PROD_003,2024-03-10,78,96.400734,95.952774,95.952774,92
STORE_04,PROD_004,2024-03-10,59,60.77128,59.252792,59.252792,57
STORE_04,PROD_005,2024-03-10,114,127.384155,121.20794,121.20794,106
STORE_04,PROD_006,2024-03-10,172,170.2848,167.0436,167.0436,172
STORE_04,PROD_007,2024-03-10,113,111.41451,112.694466,112.694466,93
STORE_04,PROD_008,2024-03-10,173,166.92995,166.3933,166.3933,168
STORE_05,PROD_001,2024-03-10,66,58.87722,61.389908,61.389908,75
STORE_05,PROD_002,2024-03-10,56,57.0465,58.36643,58.36643,66
STORE_05,PROD_003,2024-03-10,114,112.08489,107.97073,107.97073,140
STORE_05,PROD_004,2024-03-10,45,42.699326,44.26393,44.26393,41
STORE_05,PROD_005,2024-03-10,116,129.15749,123.94422,123.94422,115
STORE_05,PROD_006,2024-03-10,141,127.64105,124.10461,124.10461,154
STORE_05,PROD_007,2024-03-10,140,134.17972,138.74786,138.74786,120
STORE_05,PROD_008,2024-03-10,153,147.50513,143.15883,143.15883,168
STORE_06,PROD_001,2024-03-10,58,60.69644,60.985294,60.985294,54
STORE_06,PROD_002,2024-03-10,67,78.884636,80.07052,80.07052,95
STORE_06,PROD_003,2024-03-10,67,64.75612,63.216476,63.216476,72
STORE_06,PROD_004,2024-03-10,44,40.08636,40.83771,40.83771,49
STORE_06,PROD_005,2024-03-10,106,102.24271,106.63794,106.63794,88
STORE_06,PROD_006,2024-03-10,108,99.22536,104.33865,104.33865,87
STORE_06,PROD_007,2024-03-10,162,154.9036,162.52383,162.52383,185
STORE_06,PROD_008,2024-03-10,120,120.92281,120.91776,120.91776,119
STORE_07,PROD_001,2024-03-10,29,31.068386,30.739286,30.739286,32
STORE_07,PROD_002,2024-03-10,51,48.40398,46.555435,46.555435,48
STORE_07,PROD_003,2024-03-10,44,44.57383,44.2183,44.2183,52
STORE_07,PROD_004,2024-03-10,22,23.654781,23.60482,23.60482,30
STORE_07,PROD_005,2024-03-10,50,48.77591,48.094627,48.094627,39
STORE_07,PROD_006,2024-03-10,51,49.827694,48.44342,48.44342,31
STORE_07,PROD_007,2024-03-10,54,53.164547,50.518555,50.518555,42
STORE_07,PROD_008,2024-03-10,64,45.373276,46.97245,46.97245,35
STORE_08,PROD_001,2024-03-10,90,80.69166,82.263535,82.263535,79
STORE_08,PROD_002,2024-03-10,95,114.48022,107.473595,107.473595,99
STORE_08,PROD_003,2024-03-10,144,125.820274,129.99895,129.99895,127
STORE_08,PROD_004,2024-03-10,49,58.182602,57.040283,57.040283,59
STORE_08,PROD_005,2024-03-10,181,173.24965,172.09401,172.09401,184
STORE_08,PROD_006,2024-03-10,146,165.49103,167.19968,167.19968,156
STORE_08,PROD_007,2024-03-10,220,199.40256,208.90295,208.90295,243
STORE_08,PROD_008,2024-03-10,154,175.38358,168.62216,168.62216,142
STORE_09,PROD_001,2024-03-10,43,44.623627,42.33601,42.33601,36
STORE_09,PROD_002,2024-03-10,45,51.424774,51.02528,51.02528,31
STORE_09,PROD_003,2024-03-10,75,65.77531,64.58207,64.58207,69
STORE_09,PROD_004,2024-03-10,32,33.194534,32.24665,32.24665,28
STORE_09,PROD_005,2024-03-10,65,80.5469,82.96623,82.96623,92
STORE_09,PROD_006,2024-03-10,54,65.72469,65.343216,65.343216,96
STORE_09,PROD_007,2024-03-10,90,85.93866,81.65064,81.65064,92
STORE_09,PROD_008,2024-03-10,77,82.22756,79.06464,79.06464,95
STORE_10,PROD_001,2024-03-10,46,51.022533,48.734512,48.734512,31
STORE_10,PROD_002,2024-03-10,84,80.74466,76.201256,76.201256,76
STORE_10,PROD_003,2024-03-10,66,67.13164,63.761383,63.761383,70
STORE_10,PROD_004,2024-03-10,36,35.812637,36.945847,36.945847,35
STORE_10,PROD_005,2024-03-10,116,117.88612,112.570526,112.570526,115
STORE_10,PROD_006,2024-03-10,103,100.11784,96.38341,96.38341,99
STORE_10,PROD_007,2024-03-10,128,116.82558,112.39529,112.39529,112
STORE_10,PROD_008,2024-03-10,77,84.99507,85.68619,85.68619,69
STORE_11,PROD_001,2024-03-10,52,54.72575,53.899803,53.899803,50
STORE_11,PROD_002,2024-03-10,106,88.46909,91.496346,91.496346,139
STORE_11,PROD_003,2024-03-10,69,75.680336,76.03662,76.03662,69
STORE_11,PROD_004,2024-03-10,44,49.080463,50.642754,50.642754,63
STORE_11,PROD_005,2024-03-10,154,161.6695,161.43727,161.43727,166
STORE_11,PROD_006,2024-03-10,124,118.82943,114.808136,114.808136,122
STORE_11,PROD_007,2024-03-10,86,105.66795,99.8165,99.8165,77
STORE_11,PROD_008,2024-03-10,130,120.40531,117.048134,117.048134,86
STORE_12,PROD_001,2024-03-10,92,73.80479,78.23554,78.23554,98
STORE_12,PROD_002,2024-03-10,72,80.30605,78.18842,78.18842,57
STORE_12,PROD_003,2024-03-10,97,88.83705,86.75212,86.75212,110
STORE_12,PROD_004,2024-03-10,62,59.649593,58.661285,58.661285,58
STORE_12,PROD_005,2024-03-10,138,125.2273,124.73349,124.73349,133
STORE_12,PROD_006,2024-03-10,91,112.536766,105.72547,105.72547,124
STORE_12,PROD_007,2024-03-10,124,127.02037,123.35312,123.35312,148
STORE_12,PROD_008,2024-03-10,138,128.36534,129.642,129.642,123
STORE_13,PROD_001,2024-03-10,54,54.102596,51.974014,51.974014,42
STORE_13,PROD_002,2024-03-10,78,71.1195,70.88523,70.88523,81
STORE_13,PROD_003,2024-03-10,61,75.509766,73.33801,73.33801,80
STORE_13,PROD_004,2024-03-10,65,51.285404,50.78238,50.78238,59
STORE_13,PROD_005,2024-03-10,114,115.15441,111.375496,111.375496,107
STORE_13,PROD_006,2024-03-10,80,79.240166,77.6929,77.6929,72
STORE_13,PROD_007,2024-03-10,77,92.90998,89.694275,89.694275,88
STORE_13,PROD_008,2024-03-10,108,101.56951,105.00912,105.00912,122
STORE_14,PROD_001,2024-03-10,66,58.79525,61.157803,61.157803,65
STORE_14,PROD_002,2024-03-10,74,83.73179,82.92481,82.92481,48
STORE_14,PROD_003,2024-03-10,94,83.44062,82.50308,82.50308,79
STORE_14,PROD_004,2024-03-10,46,51.35688,54.656654,54.656654,48
STORE_14,PROD_005,2024-03-10,165,164.3122,161.0485,161.0485,169
STORE_14,PROD_006,2024-03-10,117,116.43468,112.013145,112.013145,96
STORE_14,PROD_007,2024-03-10,110,116.827705,116.88179,116.88179,105
STORE_14,PROD_008,2024-03-10,78,106.17924,104.315155,104.315155,85
STORE_15,PROD_001,2024-03-10,49,52.279144,50.610424,50.610424,49
STORE_15,PROD_002,2024-03-10,68,70.674706,71.64573,71.64573,84
STORE_15,PROD_003,2024-03-10,57,69.33284,68.56686,68.56686,53
STORE_15,PROD_004,2024-03-10,61,52.050694,51.822197,51.822197,63
STORE_15,PROD_005,2024-03-10,120,126.07273,121.793,121.793,140
STORE_15,PROD_006,2024-03-10,136,123.89714,126.03899,126.03899,129
STORE_15,PROD_007,2024-03-10,107,116.64316,115.01367,115.01367,123
STORE_15,PROD_008,2024-03-10,100,125.83393,118.50864,118.50864,118
STORE_16,PROD_001,2024-03-10,85,74.38815,77.239296,77.239296,74
STORE_16,PROD_002,2024-03-10,155,159.64224,149.29396,149.29396,159
STORE_16,PROD_003,2024-03-10,120,118.93923,113.873245,113.873245,110
STORE_16,PROD_004,2024-03-10,47,56.257454,55.48536,55.48536,40
STORE_16,PROD_005,2024-03-10,226,218.7163,213.04135,213.04135,233
STORE_16,PROD_006,2024-03-10,203,202.93552,194.44193,194.44193,177
STORE_16,PROD_007,2024-03-10,153,165.16002,165.89204,165.89204,187
STORE_16,PROD_008,2024-03-10,144,137.99765,144.47032,144.47032,187
STORE_17,PROD_001,2024-03-10,30,36.376102,35.828278,35.828278,28
STORE_17,PROD_002,2024-03-10,70,52.43147,50.214485,50.214485,41
STORE_17,PROD_003,2024-03-10,36,46.925804,45.02623,45.02623,29
STORE_17,PROD_004,2024-03-10,19,27.834848,25.361652,25.361652,17
STORE_17,PROD_005,2024-03-10,59,73.16117,73.018524,73.018524,84
STORE_17,PROD_006,2024-03-10,46,49.530884,48.966297,48.966297,37
STORE_17,PROD_007,2024-03-10,67,63.572495,61.419456,61.419456,72
STORE_17,PROD_008,2024-03-10,63,59.67314,60.365173,60.365173,83
STORE_18,PROD_001,2024-03-10,71,67.08739,68.41609,68.41609,54
STORE_18,PROD_002,2024-03-10,101,93.09458,93.6234,93.6234,120
STORE_18,PROD_003,2024-03-10,62,70.54638,69.15553,69.15553,85
STORE_18,PROD_004,2024-03-10,52,62.61855,59.539673,59.539673,73
STORE_18,PROD_005,2024-03-10,102,115.26109,113.49246,113.49246,90
STORE_18,PROD_006,2024-03-10,128,127.743004,123.73028,123.73028,118
STORE_18,PROD_007,2024-03-10,150,149.9971,147.27335,147.27335,123
STORE_18,PROD_008,2024-03-10,111,103.767426,104.89383,104.89383,82
STORE_19,PROD_001,2024-03-10,53,56.70055,53.80562,53.80562,45
STORE_19,PROD_002,2024-03-10,71,82.59678,79.53028,79.53028,84
STORE_19,PROD_003,2024-03-10,86,89.95001,86.14003,86.14003,93
STORE_19,PROD_004,2024-03-10,54,55.566654,54.70247,54.70247,48
STORE_19,PROD_005,2024-03-10,188,152.77867,153.96129,153.96129,197
STORE_19,PROD_006,2024-03-10,115,118.11279,116.34733,116.34733,116
STORE_19,PROD_007,2024-03-10,128,125.77097,121.1511,121.1511,139
STORE_19,PROD_008,2024-03-10,96,110.4261,105.78334,105.78334,85
STORE_20,PROD_001,2024-03-10,45,48.51217,48.89582,48.89582,43
STORE_20,PROD_002,2024-03-10,66,84.69488,81.85008,81.85008,78
STORE_20,PROD_003,2024-03-10,112,96.6411,92.68136,92.68136,102
STORE_20,PROD_004,2024-03-10,48,54.318214,54.45903,54.45903,33
STORE_20,PROD_005,2024-03-10,123,130.25153,122.63596,122.63596,127
STORE_20,PROD_006,2024-03-10,145,168.63885,157.48772,157.48772,138
STORE_20,PROD_007,2024-03-10,106,123.84871,122.762375,122.762375,129
STORE_20,PROD_008,2024-03-10,161,142.3703,145.38336,145.38336,161
STORE_01,PROD_001,2024-03-17,39,42.801876,45.86416,45.86416,45
STORE_01,PROD_002,2024-03-17,61,64.06554,61.40042,61.40042,49
STORE_01,PROD_003,2024-03-17,45,50.526653,57.24597,57.24597,67
STORE_01,PROD_004,2024-03-17,54,42.885345,44.739582,44.739582,53
STORE_01,PROD_005,2024-03-17,80,86.10772,82.20107,82.20107,72
STORE_01,PROD_006,2024-03-17,81,76.32904,80.62365,80.62365,99
STORE_01,PROD_007,2024-03-17,63,75.33107,76.05713,76.05713,66
STORE_01,PROD_008,2024-03-17,69,71.85526,75.81617,75.81617,61
STORE_02,PROD_001,2024-03-17,77,71.320244,72.00302,72.00302,67
STORE_02,PROD_002,2024-03-17,111,94.72291,98.793976,98.793976,98
STORE_02,PROD_003,2024-03-17,110,103.92569,105.1213,105.1213,95
STORE_02,PROD_004,2024-03-17,75,65.572525,69.45875,69.45875,77
STORE_02,PROD_005,2024-03-17,105,121.999466,109.95223,109.95223,115
STORE_02,PROD_006,2024-03-17,102,105.44915,103.82623,103.82623,86
STORE_02,PROD_007,2024-03-17,114,112.94219,116.19347,116.19347,129
STORE_02,PROD_008,2024-03-17,129,110.70251,116.47192,116.47192,122
STORE_03,PROD_001,2024-03-17,92,83.91965,92.223495,92.223495,111
STORE_03,PROD_002,2024-03-17,91,86.50183,88.50336,88.50336,51
STORE_03,PROD_003,2024-03-17,84,90.36895,88.60864,88.60864,93
STORE_03,PROD_004,2024-03-17,58,54.574413,59.068703,59.068703,60
STORE_03,PROD_005,2024-03-17,143,130.64659,130.26491,130.26491,153
STORE_03,PROD_006,2024-03-17,140,134.02238,133.94342,133.94342,129
STORE_03,PROD_007,2024-03-17,173,158.41675,155.1899,155.1899,151
STORE_03,PROD_008,2024-03-17,140,128.25732,128.38367,128.38367,144
STORE_04,PROD_001,2024-03-17,73,77.59591,78.90185,78.90185,77
STORE_04,PROD_002,2024-03-17,84,87.74192,89.28404,89.28404,95
STORE_04,PROD_003,2024-03-17,92,91.3593,91.376076,91.376076,97
STORE_04,PROD_004,2024-03-17,57,56.846485,59.856575,59.856575,49
STORE_04,PROD_005,2024-03-17,106,121.80629,118.41542,118.41542,144
STORE_04,PROD_006,2024-03-17,172,175.86928,173.1374,173.1374,186
STORE_04,PROD_007,2024-03-17,93,107.76903,102.81255,102.81255,97
STORE_04,PROD_008,2024-03-17,168,161.5817,164.15497,164.15497,200
STORE_05,PROD_001,2024-03-17,75,66.950676,67.85085,67.85085,62
STORE_05,PROD_002,2024-03-17,66,67.39002,65.726585,65.726585,52
STORE_05,PROD_003,2024-03-17,140,126.26419,124.75695,124.75695,124
STORE_05,PROD_004,2024-03-17,41,43.19995,44.66079,44.66079,37
STORE_05,PROD_005,2024-03-17,115,126.75164,121.861404,121.861404,115
STORE_05,PROD_006,2024-03-17,154,138.17433,144.02496,144.02496,154
STORE_05,PROD_007,2024-03-17,120,122.74357,120.5635,120.5635,109
STORE_05,PROD_008,2024-03-17,168,171.14474,168.04524,168.04524,162
STORE_06,PROD_001,2024-03-17,54,54.468227,56.716007,56.716007,62
STORE_06,PROD_002,2024-03-17,95,80.150345,83.81924,83.81924,69
STORE_06,PROD_003,2024-03-17,72,73.061615,72.33864,72.33864,62
STORE_06,PROD_004,2024-03-17,49,49.015305,48.19503,48.19503,56
STORE_06,PROD_005,2024-03-17,88,96.47067,96.175995,96.175995,87
STORE_06,PROD_006,2024-03-17,87,101.784706,102.04578,102.04578,100
STORE_06,PROD_007,2024-03-17,185,166.3439,162.40483,162.40483,196
STORE_06,PROD_008,2024-03-17,119,124.51897,123.55156,123.55156,118
STORE_07,PROD_001,2024-03-17,32,29.593224,32.584274,32.584274,25
STORE_07,PROD_002,2024-03-17,48,44.571198,46.88781,46.88781,51
STORE_07,PROD_003,2024-03-17,52,43.72001,43.465736,43.465736,56
STORE_07,PROD_004,2024-03-17,30,24.116287,26.843956,26.843956,25
STORE_07,PROD_005,2024-03-17,39,45.03312,44.45436,44.45436,37
STORE_07,PROD_006,2024-03-17,31,41.597805,42.803516,42.803516,54
STORE_07,PROD_007,2024-03-17,42,45.57672,46.85778,46.85778,55
STORE_07,PROD_008,2024-03-17,35,43.761196,44.74061,44.74061,52
STORE_08,PROD_001,2024-03-17,79,78.99106,84.86495,84.86495,85
STORE_08,PROD_002,2024-03-17,99,96.06184,103.525795,103.525795,108
STORE_08,PROD_003,2024-03-17,127,136.13959,133.79951,133.79951,106
STORE_08,PROD_004,2024-03-17,59,52.012875,55.99876,55.99876,79
STORE_08,PROD_005,2024-03-17,184,196.87273,184.31978,184.31978,184
STORE_08,PROD_006,2024-03-17,156,168.2021,162.26993,162.26993,166
STORE_08,PROD_007,2024-03-17,243,207.66042,211.44507,211.44507,240
STORE_08,PROD_008,2024-03-17,142,167.11368,166.73251,166.73251,157
STORE_09,PROD_001,2024-03-17,36,35.828648,38.44877,38.44877,48
STORE_09,PROD_002,2024-03-17,31,41.545322,42.27113,42.27113,28
STORE_09,PROD_003,2024-03-17,69,69.445206,69.95751,69.95751,48
STORE_09,PROD_004,2024-03-17,28,29.077091,30.883448,30.883448,30
STORE_09,PROD_005,2024-03-17,92,87.114845,86.15958,86.15958,86
STORE_09,PROD_006,2024-03-17,96,74.153755,72.62013,72.62013,71
STORE_09,PROD_007,2024-03-17,92,88.19904,87.89929,87.89929,96
STORE_09,PROD_008,2024-03-17,95,81.41703,81.692795,81.692795,72
STORE_10,PROD_001,2024-03-17,31,39.687355,45.132286,45.132286,33
STORE_10,PROD_002,2024-03-17,76,75.54145,78.39783,78.39783,82
STORE_10,PROD_003,2024-03-17,70,68.10465,67.65778,67.65778,67
STORE_10,PROD_004,2024-03-17,35,36.283012,37.059387,37.059387,24
STORE_10,PROD_005,2024-03-17,115,111.43078,106.991486,106.991486,113
STORE_10,PROD_006,2024-03-17,99,91.049995,92.39317,92.39317,112
STORE_10,PROD_007,2024-03-17,112,115.83442,114.4264,114.4264,123
STORE_10,PROD_008,2024-03-17,69,69.1524,74.37751,74.37751,83
STORE_11,PROD_001,2024-03-17,50,51.86661,53.176773,53.176773,45
STORE_11,PROD_002,2024-03-17,139,113.396194,109.59743,109.59743,119
STORE_11,PROD_003,2024-03-17,69,76.605804,81.956024,81.956024,63
STORE_11,PROD_004,2024-03-17,63,51.424866,53.9571,53.9571,64
STORE_11,PROD_005,2024-03-17,166,166.07187,169.67947,169.67947,173
STORE_11,PROD_006,2024-03-17,122,126.65326,125.55656,125.55656,151
STORE_11,PROD_007,2024-03-17,77,96.494316,91.87696,91.87696,76
STORE_11,PROD_008,2024-03-17,86,117.026855,115.33185,115.33185,105
STORE_12,PROD_001,2024-03-17,98,84.80847,88.72259,88.72259,79
STORE_12,PROD_002,2024-03-17,57,74.46816,74.706314,74.706314,89
STORE_12,PROD_003,2024-03-17,110,98.631165,102.11871,102.11871,118
STORE_12,PROD_004,2024-03-17,58,59.166317,59.430153,59.430153,53
STORE_12,PROD_005,2024-03-17,133,127.84926,134.74763,134.74763,140
STORE_12,PROD_006,2024-03-17,124,111.29013,113.87382,113.87382,116
STORE_12,PROD_007,2024-03-17,148,126.61632,127.49634,127.49634,116
STORE_12,PROD_008,2024-03-17,123,122.31881,120.03938,120.03938,112
STORE_13,PROD_001,2024-03-17,42,49.019436,47.61647,47.61647,62
STORE_13,PROD_002,2024-03-17,81,70.93863,75.27499,75.27499,67
STORE_13,PROD_003,2024-03-17,80,70.65216,71.41981,71.41981,79
STORE_13,PROD_004,2024-03-17,59,53.700916,53.586044,53.586044,52
STORE_13,PROD_005,2024-03-17,107,110.077194,104.576065,104.576065,73
STORE_13,PROD_006,2024-03-17,72,73.61793,76.4385,76.4385,64
STORE_13,PROD_007,2024-03-17,88,91.004456,92.037155,92.037155,68
STORE_13,PROD_008,2024-03-17,122,110.998985,112.84802,112.84802,92
STORE_14,PROD_001,2024-03-17,65,58.67817,61.52113,61.52113,67
STORE_14,PROD_002,2024-03-17,48,68.19101,70.59821,70.59821,77
STORE_14,PROD_003,2024-03-17,79,78.176346,77.17716,77.17716,95
STORE_14,PROD_004,2024-03-17,48,49.725647,49.484665,49.484665,70
STORE_14,PROD_005,2024-03-17,169,167.87585,174.79048,174.79048,168
STORE_14,PROD_006,2024-03-17,96,106.40715,100.64743,100.64743,128
STORE_14,PROD_007,2024-03-17,105,109.56563,111.20769,111.20769,122
STORE_14,PROD_008,2024-03-17,85,85.69226,86.36572,86.36572,109
STORE_15,PROD_001,2024-03-17,49,48.94391,48.283722,48.283722,57
STORE_15,PROD_002,2024-03-17,84,74.59692,77.80186,77.80186,76
STORE_15,PROD_003,2024-03-17,53,61.697655,61.452698,61.452698,46
STORE_15,PROD_004,2024-03-17,63,54.83023,58.20309,58.20309,59
STORE_15,PROD_005,2024-03-17,140,126.63473,132.90794,132.90794,129
STORE_15,PROD_006,2024-03-17,129,132.08968,135.7604,135.7604,114
STORE_15,PROD_007,2024-03-17,123,127.372986,125.65645,125.65645,110
STORE_15,PROD_008,2024-03-17,118,114.72006,113.361435,113.361435,106
STORE_16,PROD_001,2024-03-17,74,71.9081,78.69502,78.69502,81
STORE_16,PROD_002,2024-03-17,159,171.52591,168.10501,168.10501,163
STORE_16,PROD_003,2024-03-17,110,120.88965,119.93938,119.93938,117
STORE_16,PROD_004,2024-03-17,40,50.56552,51.792915,51.792915,36
STORE_16,PROD_005,2024-03-17,233,233.95871,226.96555,226.96555,239
STORE_16,PROD_006,2024-03-17,177,197.78299,194.7737,194.7737,219
STORE_16,PROD_007,2024-03-17,187,182.41763,189.82648,189.82648,222
STORE_16,PROD_008,2024-03-17,187,164.23627,174.30212,174.30212,130
STORE_17,PROD_001,2024-03-17,28,27.755198,30.847004,30.847004,33
STORE_17,PROD_002,2024-03-17,41,49.033756,48.486923,48.486923,44
STORE_17,PROD_003,2024-03-17,29,41.035934,45.258064,45.258064,41
STORE_17,PROD_004,2024-03-17,17,22.679546,23.166746,23.166746,14
STORE_17,PROD_005,2024-03-17,84,66.17881,70.670685,70.670685,76
STORE_17,PROD_006,2024-03-17,37,40.57706,41.23081,41.23081,43
STORE_17,PROD_007,2024-03-17,72,66.24626,70.40901,70.40901,78
STORE_17,PROD_008,2024-03-17,83,65.67797,71.6033,71.6033,72
STORE_18,PROD_001,2024-03-17,54,60.787903,63.142067,63.142067,49
STORE_18,PROD_002,2024-03-17,120,105.84775,107.40651,107.40651,115
STORE_18,PROD_003,2024-03-17,85,73.99231,74.55171,74.55171,51
STORE_18,PROD_004,2024-03-17,73,59.312183,61.23011,61.23011,80
STORE_18,PROD_005,2024-03-17,90,107.9851,101.83086,101.83086,102
STORE_18,PROD_006,2024-03-17,118,123.7518,120.98372,120.98372,108
STORE_18,PROD_007,2024-03-17,123,126.08758,125.88844,125.88844,130
STORE_18,PROD_008,2024-03-17,82,101.74621,98.54656,98.54656,100
STORE_19,PROD_001,2024-03-17,45,52.39355,53.78756,53.78756,57
STORE_19,PROD_002,2024-03-17,84,82.898224,85.35515,85.35515,66
STORE_19,PROD_003,2024-03-17,93,83.94031,86.43087,86.43087,76
STORE_19,PROD_004,2024-03-17,48,50.482292,55.681503,55.681503,48
STORE_19,PROD_005,2024-03-17,197,171.65425,181.661,181.661,203
STORE_19,PROD_006,2024-03-17,116,121.00108,123.501335,123.501335,120
STORE_19,PROD_007,2024-03-17,139,125.14827,124.51431,124.51431,108
STORE_19,PROD_008,2024-03-17,85,102.76428,98.67534,98.67534,96
STORE_20,PROD_001,2024-03-17,43,49.381443,49.670994,49.670994,43
STORE_20,PROD_002,2024-03-17,78,73.280754,71.84783,71.84783,59
STORE_20,PROD_003,2024-03-17,102,98.27398,102.80844,102.80844,106
STORE_20,PROD_004,2024-03-17,33,45.292915,48.28219,48.28219,46
STORE_20,PROD_005,2024-03-17,127,129.78972,132.74052,132.74052,131
STORE_20,PROD_006,2024-03-17,138,139.03043,147.1802,147.1802,122
STORE_20,PROD_007,2024-03-17,129,122.61469,120.34767,120.34767,120
STORE_20,PROD_008,2024-03-17,161,148.29533,157.47354,157.47354,188
STORE_01,PROD_001,2024-03-24,45,43.451477,44.296127,44.296127,51
STORE_01,PROD_002,2024-03-24,49,56.280994,57.24311,57.24311,69
STORE_01,PROD_003,2024-03-24,67,59.367302,56.70788,56.70788,68
STORE_01,PROD_004,2024-03-24,53,48.52055,47.288155,47.288155,46
STORE_01,PROD_005,2024-03-24,72,77.58931,74.951866,74.951866,73
STORE_01,PROD_006,2024-03-24,99,84.18483,84.6133,84.6133,80
STORE_01,PROD_007,2024-03-24,66,69.00196,68.024376,68.024376,83
STORE_01,PROD_008,2024-03-24,61,70.76562,68.43505,68.43505,70
STORE_02,PROD_001,2024-03-24,67,72.08355,73.35536,73.35536,71
STORE_02,PROD_002,2024-03-24,98,98.18643,103.107315,103.107315,85
STORE_02,PROD_003,2024-03-24,95,95.27216,99.94798,99.94798,94
STORE_02,PROD_004,2024-03-24,77,66.195114,70.80822,70.80822,75
STORE_02,PROD_005,2024-03-24,115,108.06216,111.40178,111.40178,108
STORE_02,PROD_006,2024-03-24,86,104.17574,99.19679,99.19679,72
STORE_02,PROD_007,2024-03-24,129,118.24907,119.08194,119.08194,104
STORE_02,PROD_008,2024-03-24,122,124.9255,122.34476,122.34476,113
STORE_03,PROD_001,2024-03-24,111,90.15299,95.654175,95.654175,96
STORE_03,PROD_002,2024-03-24,51,78.8621,76.09544,76.09544,74
STORE_03,PROD_003,2024-03-24,93,88.921036,86.693794,86.693794,98
STORE_03,PROD_004,2024-03-24,60,60.886246,60.618732,60.618732,65
STORE_03,PROD_005,2024-03-24,153,147.92694,152.119,152.119,152
STORE_03,PROD_006,2024-03-24,129,136.04706,136.63637,136.63637,141
STORE_03,PROD_007,2024-03-24,151,151.61322,163.95673,163.95673,180
STORE_03,PROD_008,2024-03-24,144,133.38142,135.0961,135.0961,127
STORE_04,PROD_001,2024-03-24,77,73.6921,74.715195,74.715195,71
STORE_04,PROD_002,2024-03-24,95,91.13513,92.50264,92.50264,76
STORE_04,PROD_003,2024-03-24,97,90.18784,93.5168,93.5168,58
STORE_04,PROD_004,2024-03-24,49,56.563103,58.444233,58.444233,45
STORE_04,PROD_005,2024-03-24,144,130.65018,130.19255,130.19255,147
STORE_04,PROD_006,2024-03-24,186,181.1264,178.32927,178.32927,187
STORE_04,PROD_007,2024-03-24,97,94.17624,105.37945,105.37945,78
STORE_04,PROD_008,2024-03-24,200,182.49046,187.16138,187.16138,176
STORE_05,PROD_001,2024-03-24,62,64.123566,67.517456,67.517456,56
STORE_05,PROD_002,2024-03-24,52,64.534935,65.92769,65.92769,58
STORE_05,PROD_003,2024-03-24,124,126.23715,124.71135,124.71135,112
STORE_05,PROD_004,2024-03-24,37,41.479046,43.41974,43.41974,32
STORE_05,PROD_005,2024-03-24,115,128.31104,128.80954,128.80954,137
STORE_05,PROD_006,2024-03-24,154,140.5799,147.96863,147.96863,143
STORE_05,PROD_007,2024-03-24,109,120.919586,127.14932,127.14932,114
STORE_05,PROD_008,2024-03-24,162,171.21823,177.41635,177.41635,179
STORE_06,PROD_001,2024-03-24,62,56.4992,57.84065,57.84065,48
STORE_06,PROD_002,2024-03-24,69,78.74799,80.966934,80.966934,83
STORE_06,PROD_003,2024-03-24,62,71.207054,71.68766,71.68766,61
STORE_06,PROD_004,2024-03-24,56,49.153145,52.28295,52.28295,34
STORE_06,PROD_005,2024-03-24,87,93.79122,93.286835,93.286835,96
STORE_06,PROD_006,2024-03-24,100,100.14657,108.37544,108.37544,77
STORE_06,PROD_007,2024-03-24,196,194.47083,197.06755,197.06755,199
STORE_06,PROD_008,2024-03-24,118,115.94118,117.803024,117.803024,117
STORE_07,PROD_001,2024-03-24,25,30.09561,30.11483,30.11483,22
STORE_07,PROD_002,2024-03-24,51,44.03631,44.586475,44.586475,43
STORE_07,PROD_003,2024-03-24,56,43.36491,48.311234,48.311234,44
STORE_07,PROD_004,2024-03-24,25,26.261475,27.048534,27.048534,33
STORE_07,PROD_005,2024-03-24,37,41.496635,46.494793,46.494793,28
STORE_07,PROD_006,2024-03-24,54,46.496563,49.48587,49.48587,51
STORE_07,PROD_007,2024-03-24,55,45.015724,50.961777,50.961777,43
STORE_07,PROD_008,2024-03-24,52,46.31519,48.569794,48.569794,66
STORE_08,PROD_001,2024-03-24,85,79.90995,81.99281,81.99281,89
STORE_08,PROD_002,2024-03-24,108,106.835175,106.44429,106.44429,116
STORE_08,PROD_003,2024-03-24,106,124.596954,125.37163,125.37163,123
STORE_08,PROD_004,2024-03-24,79,61.327946,62.943684,62.943684,64
STORE_08,PROD_005,2024-03-24,184,187.838,191.49821,191.49821,212
STORE_08,PROD_006,2024-03-24,166,170.53712,171.91653,171.91653,148
STORE_08,PROD_007,2024-03-24,240,219.5977,230.93587,230.93587,277
STORE_08,PROD_008,2024-03-24,157,171.29762,170.72266,170.72266,121
STORE_09,PROD_001,2024-03-24,48,41.78588,41.275333,41.275333,51
STORE_09,PROD_002,2024-03-24,28,37.03512,37.384712,37.384712,33
STORE_09,PROD_003,2024-03-24,48,68.300064,68.54527,68.54527,42
STORE_09,PROD_004,2024-03-24,30,28.692791,29.722427,29.722427,38
STORE_09,PROD_005,2024-03-24,86,85.06228,83.6928,83.6928,71
STORE_09,PROD_006,2024-03-24,71,77.53526,76.98649,76.98649,46
STORE_09,PROD_007,2024-03-24,96,83.08692,88.46214,88.46214,90
STORE_09,PROD_008,2024-03-24,72,82.8098,81.26028,81.26028,107
STORE_10,PROD_001,2024-03-24,33,35.202232,36.14231,36.14231,41
STORE_10,PROD_002,2024-03-24,82,73.066505,73.63239,73.63239,76
STORE_10,PROD_003,2024-03-24,67,68.314705,69.96802,69.96802,77
STORE_10,PROD_004,2024-03-24,24,28.538658,31.846075,31.846075,32
STORE_10,PROD_005,2024-03-24,113,106.52905,107.54912,107.54912,97
STORE_10,PROD_006,2024-03-24,112,95.82207,100.759766,100.759766,100
STORE_10,PROD_007,2024-03-24,123,117.89835,117.63254,117.63254,117
STORE_10,PROD_008,2024-03-24,83,81.8222,76.941795,76.941795,76
STORE_11,PROD_001,2024-03-24,45,53.844852,51.898148,51.898148,65
STORE_11,PROD_002,2024-03-24,119,115.05124,113.57355,113.57355,107
STORE_11,PROD_003,2024-03-24,63,72.81229,72.97722,72.97722,83
STORE_11,PROD_004,2024-03-24,64,56.310223,61.32048,61.32048,42
STORE_11,PROD_005,2024-03-24,173,170.236,170.45938,170.45938,178
STORE_11,PROD_006,2024-03-24,151,133.92375,133.80026,133.80026,130
STORE_11,PROD_007,2024-03-24,76,83.119225,80.18636,80.18636,82
STORE_11,PROD_008,2024-03-24,105,103.90446,105.08678,105.08678,91
STORE_12,PROD_001,2024-03-24,79,83.99736,78.813675,78.813675,75
STORE_12,PROD_002,2024-03-24,89,80.53546,77.69761,77.69761,88
STORE_12,PROD_003,2024-03-24,118,113.490746,109.65457,109.65457,128
STORE_12,PROD_004,2024-03-24,53,57.447205,56.75943,56.75943,79
STORE_12,PROD_005,2024-03-24,140,127.29189,135.54471,135.54471,129
STORE_12,PROD_006,2024-03-24,116,113.14257,114.78721,114.78721,132
STORE_12,PROD_007,2024-03-24,116,126.80843,128.03401,128.03401,155
STORE_12,PROD_008,2024-03-24,112,126.88621,123.42285,123.42285,121
STORE_13,PROD_001,2024-03-24,62,49.337708,49.443787,49.443787,49
STORE_13,PROD_002,2024-03-24,67,71.83733,70.813484,70.813484,86
STORE_13,PROD_003,2024-03-24,79,77.76992,77.60564,77.60564,74
STORE_13,PROD_004,2024-03-24,52,55.962852,54.48981,54.48981,44
STORE_13,PROD_005,2024-03-24,73,95.68175,89.77061,89.77061,115
STORE_13,PROD_006,2024-03-24,64,72.23178,69.57455,69.57455,70
STORE_13,PROD_007,2024-03-24,68,78.47213,77.668945,77.668945,106
STORE_13,PROD_008,2024-03-24,92,100.02077,105.87774,105.87774,116
STORE_14,PROD_001,2024-03-24,67,61.215893,62.81242,62.81242,62
STORE_14,PROD_002,2024-03-24,77,69.36644,67.695114,67.695114,86
STORE_14,PROD_003,2024-03-24,95,86.12539,88.46448,88.46448,92
STORE_14,PROD_004,2024-03-24,70,52.94354,55.644897,55.644897,66
STORE_14,PROD_005,2024-03-24,168,172.36058,167.56104,167.56104,178
STORE_14,PROD_006,2024-03-24,128,105.10721,110.87363,110.87363,98
STORE_14,PROD_007,2024-03-24,122,115.89398,115.80539,115.80539,143
STORE_14,PROD_008,2024-03-24,109,88.573944,91.401306,91.401306,120
STORE_15,PROD_001,2024-03-24,57,49.559696,51.898155,51.898155,50
STORE_15,PROD_002,2024-03-24,76,76.31773,78.26312,78.26312,74
STORE_15,PROD_003,2024-03-24,46,56.47347,56.174103,56.174103,54
STORE_15,PROD_004,2024-03-24,59,56.118702,55.690506,55.690506,61
STORE_15,PROD_005,2024-03-24,129,129.63112,132.4098,132.4098,99
STORE_15,PROD_006,2024-03-24,114,126.10856,125.203064,125.203064,151
STORE_15,PROD_007,2024-03-24,110,120.353226,119.887566,119.887566,131
STORE_15,PROD_008,2024-03-24,106,110.83168,115.85199,115.85199,106
STORE_16,PROD_001,2024-03-24,81,74.47373,79.98188,79.98188,88
STORE_16,PROD_002,2024-03-24,163,161.45235,170.19484,170.19484,130
STORE_16,PROD_003,2024-03-24,117,114.733025,119.01279,119.01279,98
STORE_16,PROD_004,2024-03-24,36,41.970345,48.854836,48.854836,41
STORE_16,PROD_005,2024-03-24,239,232.11249,235.93007,235.93007,264
STORE_16,PROD_006,2024-03-24,219,209.68558,206.63206,206.63206,183
STORE_16,PROD_007,2024-03-24,222,184.98639,194.79135,194.79135,175
STORE_16,PROD_008,2024-03-24,130,172.01146,173.61157,173.61157,147
STORE_17,PROD_001,2024-03-24,33,29.681835,30.739235,30.739235,39
STORE_17,PROD_002,2024-03-24,44,49.025578,48.830666,48.830666,64
STORE_17,PROD_003,2024-03-24,41,38.026318,38.225357,38.225357,48
STORE_17,PROD_004,2024-03-24,14,21.869343,23.375372,23.375372,18
STORE_17,PROD_005,2024-03-24,76,70.02631,73.816185,73.816185,63
STORE_17,PROD_006,2024-03-24,43,44.181343,43.320736,43.320736,34
STORE_17,PROD_007,2024-03-24,78,66.24756,71.780594,71.780594,69
STORE_17,PROD_008,2024-03-24,72,65.7245,72.334595,72.334595,49
STORE_18,PROD_001,2024-03-24,49,56.047836,55.71799,55.71799,81
STORE_18,PROD_002,2024-03-24,115,111.93116,114.59529,114.59529,122
STORE_18,PROD_003,2024-03-24,51,73.74856,69.04688,69.04688,68
STORE_18,PROD_004,2024-03-24,80,63.85817,66.51636,66.51636,89
STORE_18,PROD_005,2024-03-24,102,103.81419,100.12016,100.12016,90
STORE_18,PROD_006,2024-03-24,108,112.40495,112.40492,112.40492,105
STORE_18,PROD_007,2024-03-24,130,121.38298,120.65289,120.65289,143
STORE_18,PROD_008,2024-03-24,100,105.67205,98.21125,98.21125,103
STORE_19,PROD_001,2024-03-24,57,53.609264,52.94677,52.94677,39
STORE_19,PROD_002,2024-03-24,66,75.77678,75.11591,75.11591,90
STORE_19,PROD_003,2024-03-24,76,83.715355,80.7682,80.7682,84
STORE_19,PROD_004,2024-03-24,48,52.151833,52.591393,52.591393,39
STORE_19,PROD_005,2024-03-24,203,198.27399,207.97758,207.97758,198
STORE_19,PROD_006,2024-03-24,120,116.27328,121.37346,121.37346,122
STORE_19,PROD_007,2024-03-24,108,124.67615,121.37598,121.37598,117
STORE_19,PROD_008,2024-03-24,96,104.14568,98.48834,98.48834,77
STORE_20,PROD_001,2024-03-24,43,46.837326,45.89629,45.89629,36
STORE_20,PROD_002,2024-03-24,59,74.45581,68.99745,68.99745,45
STORE_20,PROD_003,2024-03-24,106,104.21718,101.55689,101.55689,126
STORE_20,PROD_004,2024-03-24,46,49.156254,46.982864,46.982864,36
STORE_20,PROD_005,2024-03-24,131,129.19063,132.54662,132.54662,127
STORE_20,PROD_006,2024-03-24,122,132.65657,140.43886,140.43886,152
STORE_20,PROD_007,2024-03-24,120,124.17462,122.263245,122.263245,126
STORE_20,PROD_008,2024-03-24,188,162.747,171.183,171.183,134
