fecha,id_tienda,id_producto,nombre,stock_actual,forecast_next_week,forecast_ajustado,bias_error,sigma_error,pi80_lower,pi80_upper,critical_ratio,politica_riesgo,costo_stockout,costo_overstock,demanda_objetivo_economica,stock_objetivo,pedido_base,pedido_optimo,q_p80,costo_esperado_base,costo_esperado_optimo,ahorro_costo_esperado
2024-03-31,STORE_01,PROD_001,Tinto,1,46.89479064941406,47.027302185694374,0.13251153628031412,9.140446191975542,35.31334905859194,58.74125531279681,0.6772908366533864,Agresiva,1700,810,51.23315408398803,51.23315408398803,47,51,54.720095785439256,9152.741223760419,8233.331018352765,919.4102054076538
2024-03-31,STORE_01,PROD_002,Café con Leche,10,59.88780975341797,58.43836386998495,-1.4494458834330242,14.127062246428117,40.333805131528976,76.54292260844092,0.6543385490753911,Agresiva,2300,1215,64.04766122119074,64.04766122119074,49,55,70.32799942496777,19810.126734290017,18308.487814216787,1501.63892007323
2024-03-31,STORE_01,PROD_003,Cappuccino,33,66.89463806152344,67.2238032023112,0.32916514078776044,13.722181771161388,49.63811967079175,84.80948673383065,0.6644518272425249,Agresiva,3000,1515,73.05084285638583,73.05084285638583,35,41,78.77268275223949,24716.728572733482,22585.74824196435,2130.9803307691327
2024-03-31,STORE_01,PROD_004,Pan de Bono,11,48.8521614074707,48.22382920583089,-0.6283322016398112,10.07498459730377,35.312216922318505,61.13544148934327,0.6382978723404256,Balanceada,1800,1020,51.789494929143956,51.789494929143956,38,41,56.703150171114686,11334.531271326647,10646.453221034591,688.0780502920552
2024-03-31,STORE_01,PROD_005,Buñuelo,3,77.00310516357422,77.49890098571777,0.49579582214355467,16.76939394123823,56.00805792708978,98.98974404434576,0.6746031746031746,Agresiva,1700,820,85.08973335854034,85.08973335854034,75,83,91.61237900126706,16858.851054866223,15217.183860274474,1641.6671945917496
2024-03-31,STORE_01,PROD_006,Croissant,13,81.65804290771484,81.01759252548217,-0.640450382232666,15.077320852866805,61.69522838227247,100.33995666869188,0.6524822695035462,Agresiva,2300,1225,86.92836658996355,86.92836658996355,69,74,93.70698590105494,21202.80719093832,19634.525385553192,1568.2818053851297
2024-03-31,STORE_01,PROD_007,Pastel de Pollo,8,72.78693389892578,73.57843802769979,0.7915041287740071,16.171203171691232,52.854207286279085,94.30266876912049,0.56657223796034,Conservadora,2000,1530,76.28960415245709,76.28960415245709,66,69,87.18846598985479,22773.359645627315,22455.543099035414,317.816546591901
2024-03-31,STORE_01,PROD_008,Jugo de Naranja,13,63.04596710205078,60.686443456014,-2.359523646036784,18.243174849439832,37.3068741672105,84.0660127448175,0.594059405940594,Conservadora,3000,2050,65.02831686114877,65.02831686114877,48,53,76.04028677758004,36753.76756979783,35727.43096579632,1026.3366040015098
2024-03-31,STORE_02,PROD_001,Tinto,9,70.1860122680664,70.31852380434673,0.13251153628031412,9.140446191975542,58.60457067724429,82.03247693144917,0.6772908366533864,Agresiva,1700,810,74.52437570264038,74.52437570264038,62,66,78.0113174040916,9152.741223760419,8233.331018352765,919.4102054076538
2024-03-31,STORE_02,PROD_002,Café con Leche,20,89.50413513183594,88.05468924840291,-1.4494458834330242,14.127062246428117,69.95013050994693,106.15924798685889,0.6543385490753911,Agresiva,2300,1215,93.6639865996087,93.6639865996087,69,74,99.94432480338573,19810.126734290017,18308.487814216795,1501.6389200732228
2024-03-31,STORE_02,PROD_003,Cappuccino,32,89.24491882324219,89.57408396402995,0.32916514078776044,13.722181771161388,71.9884004325105,107.1597674955494,0.6644518272425249,Agresiva,3000,1515,95.40112361810458,95.40112361810458,58,64,101.12296351395824,24716.728572733482,22585.74824196435,2130.9803307691327
2024-03-31,STORE_02,PROD_004,Pan de Bono,43,70.34481811523438,69.71648591359457,-0.6283322016398112,10.07498459730377,56.804873630082184,82.62809819710695,0.6382978723404256,Balanceada,1800,1020,73.28215163690764,73.28215163690764,27,31,78.19580687887836,11334.531271326647,10646.453221034591,688.0780502920552
2024-03-31,STORE_02,PROD_005,Buñuelo,27,110.06143188476562,110.55722770690917,0.49579582214355467,16.76939394123823,89.06638464828119,132.04807076553718,0.6746031746031746,Agresiva,1700,820,118.14806007973175,118.14806007973175,84,92,124.67070572245846,16858.851054866223,15217.183860274474,1641.6671945917496
2024-03-31,STORE_02,PROD_006,Croissant,8,90.24298858642578,89.60253820419311,-0.640450382232666,15.077320852866805,70.2801740609834,108.92490234740282,0.6524822695035462,Agresiva,2300,1225,95.51331226867448,95.51331226867448,82,88,102.29193157976587,21202.80719093832,19634.525385553192,1568.2818053851297
2024-03-31,STORE_02,PROD_007,Pastel de Pollo,11,117.15300750732422,117.94451163609823,0.7915041287740071,16.171203171691232,97.22028089467753,138.66874237751892,0.56657223796034,Conservadora,2000,1530,120.65567776085553,120.65567776085553,107,110,131.55453959825323,22773.359645627315,22455.543099035414,317.816546591901
2024-03-31,STORE_02,PROD_008,Jugo de Naranja,20,117.70372772216797,115.34420407613119,-2.359523646036784,18.243174849439832,91.9646347873277,138.7237733649347,0.594059405940594,Conservadora,3000,2050,119.68607748126597,119.68607748126597,96,100,130.69804739769722,36753.76756979783,35727.43096579631,1026.3366040015171
2024-03-31,STORE_03,PROD_001,Tinto,4,91.56515502929688,91.6976665655772,0.13251153628031412,9.140446191975542,79.98371343847475,103.41161969267964,0.6772908366533864,Agresiva,1700,810,95.90351846387085,95.90351846387085,88,92,99.39046016532207,9152.741223760419,8233.331018352765,919.4102054076538
2024-03-31,STORE_03,PROD_002,Café con Leche,24,68.8451156616211,67.39566977818806,-1.4494458834330242,14.127062246428117,49.29111103973209,85.50022851664404,0.6543385490753911,Agresiva,2300,1215,73.00496712939386,73.00496712939386,44,50,79.28530533317088,19810.126734290017,18308.487814216795,1501.6389200732228
2024-03-31,STORE_03,PROD_003,Cappuccino,20,94.43505096435547,94.76421610514323,0.32916514078776044,13.722181771161388,77.17853257362378,112.34989963666268,0.6644518272425249,Agresiva,3000,1515,100.59125575921786,100.59125575921786,75,81,106.31309565507152,24716.728572733482,22585.74824196435,2130.9803307691327
2024-03-31,STORE_03,PROD_004,Pan de Bono,21,62.743408203125,62.115076001485185,-0.6283322016398112,10.07498459730377,49.2034637179728,75.02668828499756,0.6382978723404256,Balanceada,1800,1020,65.68074172479825,65.68074172479825,42,45,70.59439696676898,11334.531271326647,10646.453221034591,688.0780502920552
2024-03-31,STORE_03,PROD_005,Buñuelo,8,156.99459838867188,157.49039421081542,0.49579582214355467,16.76939394123823,135.99955115218742,178.98123726944343,0.6746031746031746,Agresiva,1700,820,165.081226583638,165.081226583638,150,158,171.6038722263647,16858.851054866223,15217.183860274474,1641.6671945917496
2024-03-31,STORE_03,PROD_006,Croissant,18,134.64730834960938,134.0068579673767,-0.640450382232666,15.077320852866805,114.68449382416699,153.32922211058641,0.6524822695035462,Agresiva,2300,1225,139.9176320318581,139.9176320318581,117,122,146.69625134294947,21202.80719093832,19634.525385553196,1568.281805385126
2024-03-31,STORE_03,PROD_007,Pastel de Pollo,4,154.814208984375,155.605713113149,0.7915041287740071,16.171203171691232,134.88148237172828,176.3299438545697,0.56657223796034,Conservadora,2000,1530,158.3168792379063,158.3168792379063,152,155,169.215741075304,22773.359645627315,22455.543099035414,317.816546591901
2024-03-31,STORE_03,PROD_008,Jugo de Naranja,4,130.8790740966797,128.5195504506429,-2.359523646036784,18.243174849439832,105.1399811618394,151.8991197394464,0.594059405940594,Conservadora,3000,2050,132.86142385577767,132.86142385577767,125,129,143.87339377220894,36753.76756979783,35727.43096579631,1026.3366040015171
2024-03-31,STORE_04,PROD_001,Tinto,29,72.53129577636719,72.6638073126475,0.13251153628031412,9.140446191975542,60.94985418554507,84.37776043974995,0.6772908366533864,Agresiva,1700,810,76.86965921094117,76.86965921094117,44,48,80.35660091239238,9152.741223760419,8233.331018352765,919.4102054076538
2024-03-31,STORE_04,PROD_002,Café con Leche,9,80.11165618896484,78.66221030553181,-1.4494458834330242,14.127062246428117,60.55765156707584,96.7667690439878,0.6543385490753911,Agresiva,2300,1215,84.27150765673761,84.27150765673761,70,76,90.55184586051463,19810.126734290017,18308.487814216795,1501.6389200732228
2024-03-31,STORE_04,PROD_003,Cappuccino,15,87.85680389404297,88.18596903483073,0.32916514078776044,13.722181771161388,70.60028550331128,105.77165256635018,0.6644518272425249,Agresiva,3000,1515,94.01300868890536,94.01300868890536,74,80,99.73484858475902,24716.728572733482,22585.74824196435,2130.9803307691327
2024-03-31,STORE_04,PROD_004,Pan de Bono,6,49.13163757324219,48.50330537160237,-0.6283322016398112,10.07498459730377,35.59169308808999,61.414917655114756,0.6382978723404256,Balanceada,1800,1020,52.06897109491544,52.06897109491544,43,47,56.98262633688617,11334.531271326647,10646.453221034591,688.0780502920552
2024-03-31,STORE_04,PROD_005,Buñuelo,5,132.0154266357422,132.51122245788574,0.49579582214355467,16.76939394123823,111.02037939925775,154.00206551651374,0.6746031746031746,Agresiva,1700,820,140.1020548307083,140.1020548307083,128,136,146.624700473435,16858.851054866223,15217.183860274474,1641.6671945917496
2024-03-31,STORE_04,PROD_006,Croissant,30,187.0926513671875,186.45220098495483,-0.640450382232666,15.077320852866805,167.12983684174512,205.77456512816454,0.6524822695035462,Agresiva,2300,1225,192.36297504943622,192.36297504943622,157,163,199.1415943605276,21202.80719093832,19634.525385553196,1568.281805385126
2024-03-31,STORE_04,PROD_007,Pastel de Pollo,31,96.32701873779297,97.11852286656698,0.7915041287740071,16.171203171691232,76.39429212514628,117.84275360798767,0.56657223796034,Conservadora,2000,1530,99.82968899132428,99.82968899132428,67,69,110.72855082872198,22773.359645627315,22455.543099035414,317.816546591901
2024-03-31,STORE_04,PROD_008,Jugo de Naranja,36,180.74502563476562,178.38550198872883,-2.359523646036784,18.243174849439832,155.00593269992532,201.76507127753234,0.594059405940594,Conservadora,3000,2050,182.7273753938636,182.7273753938636,143,147,193.73934531029488,36753.76756979783,35727.43096579631,1026.3366040015171
2024-03-31,STORE_05,PROD_001,Tinto,38,57.5250129699707,57.657524506251015,0.13251153628031412,9.140446191975542,45.94357137914858,69.37147763335345,0.6772908366533864,Agresiva,1700,810,61.863376404544674,61.863376404544674,20,24,65.3503181059959,9152.741223760419,8233.331018352765,919.4102054076538
2024-03-31,STORE_05,PROD_002,Café con Leche,10,55.98752212524414,54.53807624181112,-1.4494458834330242,14.127062246428117,36.43351750335515,72.64263498026709,0.6543385490753911,Agresiva,2300,1215,60.14737359301691,60.14737359301691,45,51,66.42771179679394,19810.126734290017,18308.487814216787,1501.63892007323
2024-03-31,STORE_05,PROD_003,Cappuccino,33,120.85585021972656,121.18501536051433,0.32916514078776044,13.722181771161388,103.59933182899488,138.77069889203378,0.6644518272425249,Agresiva,3000,1515,127.01205501458895,127.01205501458895,89,95,132.73389491044261,24716.728572733482,22585.74824196435,2130.9803307691327
2024-03-31,STORE_05,PROD_004,Pan de Bono,8,41.995765686035156,41.36743348439534,-0.6283322016398112,10.07498459730377,28.45582120088296,54.279045767907725,0.6382978723404256,Balanceada,1800,1020,44.93309920770841,44.93309920770841,34,37,49.84675444967914,11334.531271326647,10646.453221034591,688.0780502920552
2024-03-31,STORE_05,PROD_005,Buñuelo,1,132.922119140625,133.41791496276855,0.49579582214355467,16.76939394123823,111.92707190414056,154.90875802139655,0.6746031746031746,Agresiva,1700,820,141.00874733559112,141.00874733559112,133,141,147.53139297831783,16858.851054866223,15217.183860274474,1641.6671945917496
2024-03-31,STORE_05,PROD_006,Croissant,23,157.7860565185547,157.14560613632202,-0.640450382232666,15.077320852866805,137.8232419931123,176.46797027953173,0.6524822695035462,Agresiva,2300,1225,163.0563802008034,163.0563802008034,135,141,169.83499951189478,21202.80719093832,19634.525385553196,1568.281805385126
2024-03-31,STORE_05,PROD_007,Pastel de Pollo,4,126.72135162353516,127.51285575230916,0.7915041287740071,16.171203171691232,106.78862501088847,148.23708649372986,0.56657223796034,Conservadora,2000,1530,130.22402187706646,130.22402187706646,124,127,141.12288371446417,22773.359645627315,22455.543099035414,317.816546591901
2024-03-31,STORE_05,PROD_008,Jugo de Naranja,12,173.40443420410156,171.04491055806477,-2.359523646036784,18.243174849439832,147.66534126926126,194.42447984686828,0.594059405940594,Conservadora,3000,2050,175.38678396319955,175.38678396319955,160,164,186.39875387963082,36753.76756979783,35727.43096579631,1026.3366040015171
2024-03-31,STORE_06,PROD_001,Tinto,3,54.86270523071289,54.9952167669932,0.13251153628031412,9.140446191975542,43.28126363989077,66.70916989409564,0.6772908366533864,Agresiva,1700,810,59.20106866528686,59.20106866528686,52,57,62.688010366738084,9152.741223760419,8233.331018352765,919.4102054076538
2024-03-31,STORE_06,PROD_002,Café con Leche,9,78.05882263183594,76.60937674840291,-1.4494458834330242,14.127062246428117,58.50481800994693,94.71393548685889,0.6543385490753911,Agresiva,2300,1215,82.2186740996087,82.2186740996087,68,74,88.49901230338573,19810.126734290017,18308.487814216795,1501.6389200732228
2024-03-31,STORE_06,PROD_003,Cappuccino,43,66.72756958007812,67.05673472086589,0.32916514078776044,13.722181771161388,49.47105118934644,84.64241825238534,0.6644518272425249,Agresiva,3000,1515,72.88377437494051,72.88377437494051,25,30,78.60561427079418,24716.728572733482,22585.74824196435,2130.9803307691327
2024-03-31,STORE_06,PROD_004,Pan de Bono,18,48.08799743652344,47.45966523488362,-0.6283322016398112,10.07498459730377,34.54805295137124,60.371277518396006,0.6382978723404256,Balanceada,1800,1020,51.02533095819669,51.02533095819669,30,34,55.93898620016742,11334.531271326647,10646.453221034591,688.0780502920552
2024-03-31,STORE_06,PROD_005,Buñuelo,3,93.76152801513672,94.25732383728027,0.49579582214355467,16.76939394123823,72.76648077865228,115.74816689590826,0.6746031746031746,Agresiva,1700,820,101.84815621010284,101.84815621010284,92,99,108.37080185282956,16858.851054866223,15217.183860274474,1641.6671945917496
2024-03-31,STORE_06,PROD_006,Croissant,25,94.68515014648438,94.0446997642517,-0.640450382232666,15.077320852866805,74.72233562104199,113.36706390746141,0.6524822695035462,Agresiva,2300,1225,99.95547382873308,99.95547382873308,70,75,106.73409313982447,21202.80719093832,19634.525385553192,1568.2818053851297
2024-03-31,STORE_06,PROD_007,Pastel de Pollo,37,186.003173828125,186.794677956899,0.7915041287740071,16.171203171691232,166.07044721547828,207.5189086983197,0.56657223796034,Conservadora,2000,1530,189.5058440816563,189.5058440816563,150,153,200.404705919054,22773.359645627315,22455.543099035414,317.816546591901
2024-03-31,STORE_06,PROD_008,Jugo de Naranja,3,114.17083740234375,111.81131375630697,-2.359523646036784,18.243174849439832,88.43174446750348,135.19088304511047,0.594059405940594,Conservadora,3000,2050,116.15318716144175,116.15318716144175,109,114,127.16515707787302,36753.76756979783,35727.43096579631,1026.3366040015171
2024-03-31,STORE_07,PROD_001,Tinto,27,28.110458374023438,28.242969910303753,0.13251153628031412,9.140446191975542,16.529016783201314,39.95692303740619,0.6772908366533864,Agresiva,1700,810,32.44882180859741,32.44882180859741,2,6,35.93576351004863,9152.741223760419,8233.331018352765,919.4102054076538
2024-03-31,STORE_07,PROD_002,Café con Leche,15,46.731014251708984,45.28156836827596,-1.4494458834330242,14.127062246428117,27.177009629819988,63.386127106731934,0.6543385490753911,Agresiva,2300,1215,50.89086571948175,50.89086571948175,31,36,57.17120392325878,19810.126734290017,18308.487814216787,1501.63892007323
2024-03-31,STORE_07,PROD_003,Cappuccino,18,46.79595184326172,47.12511698404948,0.32916514078776044,13.722181771161388,29.539433452530023,64.71080051556893,0.6644518272425249,Agresiva,3000,1515,52.95215663812411,52.95215663812411,30,35,58.67399653397776,24716.728572733482,22585.748241964357,2130.9803307691254
2024-03-31,STORE_07,PROD_004,Pan de Bono,55,27.246471405029297,26.618139203389486,-0.6283322016398112,10.07498459730377,13.706526919877104,39.529751486901866,0.6382978723404256,Balanceada,1800,1020,30.183804926702553,30.183804926702553,0,0,35.09746016867328,11334.531271326647,10646.453221034591,688.0780502920552
2024-03-31,STORE_07,PROD_005,Buñuelo,0,37.883445739746094,38.37924156188965,0.49579582214355467,16.76939394123823,16.88839850326166,59.870084620517645,0.6746031746031746,Agresiva,1700,820,45.97007393471222,45.97007393471222,39,46,52.49271957743893,16858.851054866223,15217.183860274476,1641.6671945917478
2024-03-31,STORE_07,PROD_006,Croissant,20,48.87528991699219,48.23483953475952,-0.640450382232666,15.077320852866805,28.91247539154982,67.55720367796923,0.6524822695035462,Agresiva,2300,1225,54.1456135992409,54.1456135992409,29,35,60.924232910332286,21202.80719093832,19634.525385553192,1568.2818053851297
2024-03-31,STORE_07,PROD_007,Pastel de Pollo,1,49.63396453857422,50.42546866734823,0.7915041287740071,16.171203171691232,29.701237925927522,71.14969940876892,0.56657223796034,Conservadora,2000,1530,53.13663479210553,53.13663479210553,50,53,64.03549662950323,22773.359645627315,22455.543099035414,317.816546591901
2024-03-31,STORE_07,PROD_008,Jugo de Naranja,31,52.7750244140625,50.415500768025716,-2.359523646036784,18.243174849439832,27.03593147922222,73.79507005682922,0.594059405940594,Conservadora,3000,2050,54.75737417316049,54.75737417316049,20,24,65.76934408959175,36753.76756979783,35727.43096579631,1026.3366040015171
2024-03-31,STORE_08,PROD_001,Tinto,45,82.3036880493164,82.43619958559673,0.13251153628031412,9.140446191975542,70.72224645849428,94.15015271269917,0.6772908366533864,Agresiva,1700,810,86.64205148389038,86.64205148389038,38,42,90.1289931853416,9152.741223760419,8233.331018352765,919.4102054076538
2024-03-31,STORE_08,PROD_002,Café con Leche,1,106.11725616455078,104.66781028111775,-1.4494458834330242,14.127062246428117,86.56325154266177,122.77236901957373,0.6543385490753911,Agresiva,2300,1215,110.27710763232355,110.27710763232355,104,110,116.55744583610057,19810.126734290017,18308.487814216795,1501.6389200732228
2024-03-31,STORE_08,PROD_003,Cappuccino,0,117.33478546142578,117.66395060221355,0.32916514078776044,13.722181771161388,100.0782670706941,135.249634133733,0.6644518272425249,Agresiva,3000,1515,123.49099025628817,123.49099025628817,118,124,129.21283015214183,24716.728572733482,22585.74824196435,2130.9803307691327
2024-03-31,STORE_08,PROD_004,Pan de Bono,62,65.28202819824219,64.65369599660238,-0.6283322016398112,10.07498459730377,51.74208371309,77.56530828011476,0.6382978723404256,Balanceada,1800,1020,68.21936171991545,68.21936171991545,3,7,73.13301696188617,11334.531271326647,10646.453221034591,688.0780502920552
2024-03-31,STORE_08,PROD_005,Buñuelo,52,205.96371459960938,206.45951042175292,0.49579582214355467,16.76939394123823,184.96866736312492,227.95035348038093,0.6746031746031746,Agresiva,1700,820,214.0503427945755,214.0503427945755,155,163,220.5729884373022,16858.851054866223,15217.183860274474,1641.6671945917496
2024-03-31,STORE_08,PROD_006,Croissant,51,162.7318115234375,162.09136114120483,-0.640450382232666,15.077320852866805,142.76899699799512,181.41372528441454,0.6524822695035462,Agresiva,2300,1225,168.00213520568622,168.00213520568622,112,118,174.7807545167776,21202.80719093832,19634.525385553196,1568.281805385126
2024-03-31,STORE_08,PROD_007,Pastel de Pollo,56,256.35797119140625,257.1494753201803,0.7915041287740071,16.171203171691232,236.42524457875956,277.87370606160096,0.56657223796034,Conservadora,2000,1530,259.8606414449376,259.8606414449376,202,204,270.7595032823353,22773.359645627315,22455.543099035414,317.816546591901
2024-03-31,STORE_08,PROD_008,Jugo de Naranja,13,138.86874389648438,136.50922025044758,-2.359523646036784,18.243174849439832,113.12965096164409,159.8887895392511,0.594059405940594,Conservadora,3000,2050,140.85109365558236,140.85109365558236,124,128,151.86306357201363,36753.76756979783,35727.43096579631,1026.3366040015171
2024-03-31,STORE_09,PROD_001,Tinto,75,46.23693084716797,46.36944238344828,0.13251153628031412,9.140446191975542,34.655489256345845,58.083395510550716,0.6772908366533864,Agresiva,1700,810,50.57529428174194,50.57529428174194,0,0,54.06223598319316,9152.741223760419,8233.331018352765,919.4102054076538
2024-03-31,STORE_09,PROD_002,Café con Leche,44,39.5750846862793,38.125638802846275,-1.4494458834330242,14.127062246428117,20.0210800643903,56.230197541302246,0.6543385490753911,Agresiva,2300,1215,43.734936154052065,43.734936154052065,0,0,50.01527435782909,19810.126734290017,18308.487814216787,1501.63892007323
2024-03-31,STORE_09,PROD_003,Cappuccino,2,46.38053894042969,46.709704081217446,0.32916514078776044,13.722181771161388,29.124020549697992,64.2953876127369,0.6644518272425249,Agresiva,3000,1515,52.53674373529208,52.53674373529208,45,51,58.258583631145726,24716.728572733482,22585.748241964357,2130.9803307691254
2024-03-31,STORE_09,PROD_004,Pan de Bono,33,32.71464157104492,32.08630936940511,-0.6283322016398112,10.07498459730377,19.174697085892724,44.99792165291749,0.6382978723404256,Balanceada,1800,1020,35.651975092718175,35.651975092718175,0,3,40.565630334688905,11334.531271326647,10646.453221034591,688.0780502920552
2024-03-31,STORE_09,PROD_005,Buñuelo,24,77.5519790649414,78.04777488708496,0.49579582214355467,16.76939394123823,56.55693182845697,99.53861794571294,0.6746031746031746,Agresiva,1700,820,85.63860725990753,85.63860725990753,55,62,92.16125290263425,16858.851054866223,15217.183860274474,1641.6671945917496
2024-03-31,STORE_09,PROD_006,Croissant,2,67.25494384765625,66.61449346542358,-0.640450382232666,15.077320852866805,47.292129322213874,85.93685760863329,0.6524822695035462,Agresiva,2300,1225,72.52526752990495,72.52526752990495,65,71,79.30388684099634,21202.80719093832,19634.525385553192,1568.2818053851297
2024-03-31,STORE_09,PROD_007,Pastel de Pollo,26,87.9385986328125,88.73010276158651,0.7915041287740071,16.171203171691232,68.00587202016581,109.4543335030072,0.56657223796034,Conservadora,2000,1530,91.4412688863438,91.4412688863438,63,66,102.34013072374151,22773.359645627315,22455.543099035414,317.816546591901
2024-03-31,STORE_09,PROD_008,Jugo de Naranja,13,91.20304870605469,88.84352506001791,-2.359523646036784,18.243174849439832,65.46395577121442,112.2230943488214,0.594059405940594,Conservadora,3000,2050,93.18539846515269,93.18539846515269,76,81,104.19736838158396,36753.76756979783,35727.43096579631,1026.3366040015171
2024-03-31,STORE_10,PROD_001,Tinto,38,40.81216049194336,40.94467202822367,0.13251153628031412,9.140446191975542,29.230718901121236,52.658625155326106,0.6772908366533864,Agresiva,1700,810,45.15052392651733,45.15052392651733,3,8,48.63746562796855,9152.741223760419,8233.331018352765,919.4102054076538
2024-03-31,STORE_10,PROD_002,Café con Leche,34,74.24966430664062,72.8002184232076,-1.4494458834330242,14.127062246428117,54.69565968475162,90.90477716166357,0.6543385490753911,Agresiva,2300,1215,78.40951577441339,78.40951577441339,39,45,84.68985397819041,19810.126734290017,18308.487814216795,1501.6389200732228
2024-03-31,STORE_10,PROD_003,Cappuccino,57,72.33304595947266,72.66221110026042,0.32916514078776044,13.722181771161388,55.07652756874097,90.24789463177987,0.6644518272425249,Agresiva,3000,1515,78.48925075433505,78.48925075433505,16,22,84.21109065018871,24716.728572733482,22585.74824196435,2130.9803307691327
2024-03-31,STORE_10,PROD_004,Pan de Bono,1,31.32886505126953,30.70053284962972,-0.6283322016398112,10.07498459730377,17.78892056611734,43.6121451331421,0.6382978723404256,Balanceada,1800,1020,34.26619857294279,34.26619857294279,30,34,39.179853814913514,11334.531271326647,10646.453221034591,688.0780502920552
2024-03-31,STORE_10,PROD_005,Buñuelo,24,106.42626953125,106.92206535339355,0.49579582214355467,16.76939394123823,85.43122229476556,128.41290841202155,0.6746031746031746,Agresiva,1700,820,114.51289772621612,114.51289772621612,83,91,121.03554336894284,16858.851054866223,15217.183860274474,1641.6671945917496
2024-03-31,STORE_10,PROD_006,Croissant,9,107.66383361816406,107.02338323593139,-0.640450382232666,15.077320852866805,87.70101909272168,126.3457473791411,0.6524822695035462,Agresiva,2300,1225,112.93415730041276,112.93415730041276,99,104,119.71277661150415,21202.80719093832,19634.525385553192,1568.2818053851297
2024-03-31,STORE_10,PROD_007,Pastel de Pollo,29,119.22639465332031,120.01789878209432,0.7915041287740071,16.171203171691232,99.29366804067362,140.74212952351502,0.56657223796034,Conservadora,2000,1530,122.72906490685162,122.72906490685162,92,94,133.62792674424932,22773.359645627315,22455.543099035414,317.816546591901
2024-03-31,STORE_10,PROD_008,Jugo de Naranja,18,82.68984985351562,80.33032620747885,-2.359523646036784,18.243174849439832,56.95075691867535,103.70989549628234,0.594059405940594,Conservadora,3000,2050,84.67219961261362,84.67219961261362,63,67,95.6841695290449,36753.76756979783,35727.43096579631,1026.3366040015171
2024-03-31,STORE_11,PROD_001,Tinto,13,54.99933624267578,55.13184777895609,0.13251153628031412,9.140446191975542,43.41789465185366,66.84580090605853,0.6772908366533864,Agresiva,1700,810,59.33769967724975,59.33769967724975,43,47,62.824641378700974,9152.741223760419,8233.331018352765,919.4102054076538
2024-03-31,STORE_11,PROD_002,Café con Leche,0,109.81266784667969,108.36322196324666,-1.4494458834330242,14.127062246428117,90.25866322479068,126.46778070170264,0.6543385490753911,Agresiva,2300,1215,113.97251931445246,113.97251931445246,109,114,120.25285751822948,19810.126734290017,18308.487814216795,1501.6389200732228
2024-03-31,STORE_11,PROD_003,Cappuccino,18,73.59286499023438,73.92203013102214,0.32916514078776044,13.722181771161388,56.33634659950269,91.50771366254159,0.6644518272425249,Agresiva,3000,1515,79.74906978509676,79.74906978509676,56,62,85.47090968095043,24716.728572733482,22585.74824196435,2130.9803307691327
2024-03-31,STORE_11,PROD_004,Pan de Bono,10,55.608863830566406,54.98053162892659,-0.6283322016398112,10.07498459730377,42.06891934541421,67.89214391243897,0.6382978723404256,Balanceada,1800,1020,58.54619735223966,58.54619735223966,45,49,63.45985259421039,11334.531271326647,10646.453221034591,688.0780502920552
2024-03-31,STORE_11,PROD_005,Buñuelo,8,172.75454711914062,173.25034294128417,0.49579582214355467,16.76939394123823,151.75949988265617,194.74118599991218,0.6746031746031746,Agresiva,1700,820,180.84117531410675,180.84117531410675,166,173,187.36382095683345,16858.851054866223,15217.183860274474,1641.6671945917496
2024-03-31,STORE_11,PROD_006,Croissant,89,131.37950134277344,130.73905096054077,-0.640450382232666,15.077320852866805,111.41668681733105,150.06141510375048,0.6524822695035462,Agresiva,2300,1225,136.64982502502215,136.64982502502215,42,48,143.42844433611353,21202.80719093832,19634.525385553196,1568.281805385126
2024-03-31,STORE_11,PROD_007,Pastel de Pollo,24,85.33357238769531,86.12507651646932,0.7915041287740071,16.171203171691232,65.40084577504862,106.84930725789002,0.56657223796034,Conservadora,2000,1530,88.83624264122662,88.83624264122662,63,65,99.73510447862432,22773.359645627315,22455.543099035414,317.816546591901
2024-03-31,STORE_11,PROD_008,Jugo de Naranja,15,101.75080871582031,99.39128506978354,-2.359523646036784,18.243174849439832,76.01171578098004,122.77085435858703,0.594059405940594,Conservadora,3000,2050,103.73315847491831,103.73315847491831,85,89,114.74512839134958,36753.76756979783,35727.43096579631,1026.3366040015171
2024-03-31,STORE_12,PROD_001,Tinto,40,78.94983673095703,79.08234826723735,0.13251153628031412,9.140446191975542,67.36839514013491,90.79630139433979,0.6772908366533864,Agresiva,1700,810,83.28820016553101,83.28820016553101,40,44,86.77514186698222,9152.741223760419,8233.331018352765,919.4102054076538
2024-03-31,STORE_12,PROD_002,Café con Leche,5,85.33601379394531,83.88656791051228,-1.4494458834330242,14.127062246428117,65.7820091720563,101.99112664896826,0.6543385490753911,Agresiva,2300,1215,89.49586526171808,89.49586526171808,79,85,95.7762034654951,19810.126734290017,18308.487814216795,1501.6389200732228
2024-03-31,STORE_12,PROD_003,Cappuccino,19,118.45280456542969,118.78196970621745,0.32916514078776044,13.722181771161388,101.196286174698,136.3676532377369,0.6644518272425249,Agresiva,3000,1515,124.60900936029208,124.60900936029208,100,106,130.33084925614574,24716.728572733482,22585.74824196435,2130.9803307691327
2024-03-31,STORE_12,PROD_004,Pan de Bono,39,68.10706329345703,67.47873109181722,-0.6283322016398112,10.07498459730377,54.56711880830484,80.3903433753296,0.6382978723404256,Balanceada,1800,1020,71.0443968151303,71.0443968151303,29,33,75.95805205710101,11334.531271326647,10646.453221034591,688.0780502920552
2024-03-31,STORE_12,PROD_005,Buñuelo,2,132.55027770996094,133.0460735321045,0.49579582214355467,16.76939394123823,111.5552304734765,154.5369165907325,0.6746031746031746,Agresiva,1700,820,140.63690590492706,140.63690590492706,132,139,147.15955154765376,16858.851054866223,15217.183860274474,1641.6671945917496
2024-03-31,STORE_12,PROD_006,Croissant,5,120.21142578125,119.57097539901733,-0.640450382232666,15.077320852866805,100.24861125580762,138.89333954222704,0.6524822695035462,Agresiva,2300,1225,125.4817494634987,125.4817494634987,115,121,132.2603687745901,21202.80719093832,19634.525385553192,1568.2818053851297
2024-03-31,STORE_12,PROD_007,Pastel de Pollo,1,140.32479858398438,141.11630271275837,0.7915041287740071,16.171203171691232,120.39207197133766,161.84053345417908,0.56657223796034,Conservadora,2000,1530,143.82746883751568,143.82746883751568,141,143,154.72633067491338,22773.359645627315,22455.543099035414,317.816546591901
2024-03-31,STORE_12,PROD_008,Jugo de Naranja,97,127.0128173828125,124.65329373677572,-2.359523646036784,18.243174849439832,101.27372444797223,148.03286302557922,0.594059405940594,Conservadora,3000,2050,128.99516714191049,128.99516714191049,28,32,140.00713705834175,36753.76756979783,35727.43096579631,1026.3366040015171
2024-03-31,STORE_13,PROD_001,Tinto,17,51.84035873413086,51.97287027041117,0.13251153628031412,9.140446191975542,40.258917143308736,63.686823397513606,0.6772908366533864,Agresiva,1700,810,56.17872216870483,56.17872216870483,35,40,59.66566387015605,9152.741223760419,8233.331018352765,919.4102054076538
2024-03-31,STORE_13,PROD_002,Café con Leche,13,74.33956146240234,72.89011557896931,-1.4494458834330242,14.127062246428117,54.78555684051334,90.9946743174253,0.6543385490753911,Agresiva,2300,1215,78.49941293017511,78.49941293017511,60,66,84.77975113395213,19810.126734290017,18308.487814216795,1501.6389200732228
2024-03-31,STORE_13,PROD_003,Cappuccino,8,78.84370422363281,79.17286936442058,0.32916514078776044,13.722181771161388,61.58718583290113,96.75855289594003,0.6644518272425249,Agresiva,3000,1515,84.9999090184952,84.9999090184952,72,77,90.72174891434886,24716.728572733482,22585.74824196435,2130.9803307691327
2024-03-31,STORE_13,PROD_004,Pan de Bono,11,49.728126525878906,49.09979432423909,-0.6283322016398112,10.07498459730377,36.18818204072671,62.011406607751475,0.6382978723404256,Balanceada,1800,1020,52.66546004755216,52.66546004755216,39,42,57.57911528952289,11334.531271326647,10646.453221034591,688.0780502920552
2024-03-31,STORE_13,PROD_005,Buñuelo,29,99.04412841796875,99.5399242401123,0.49579582214355467,16.76939394123823,78.04908118148431,121.03076729874029,0.6746031746031746,Agresiva,1700,820,107.13075661293487,107.13075661293487,71,79,113.65340225566159,16858.851054866223,15217.183860274474,1641.6671945917496
2024-03-31,STORE_13,PROD_006,Croissant,49,69.86341857910156,69.22296819686889,-0.640450382232666,15.077320852866805,49.90060405365919,88.5453323400786,0.6524822695035462,Agresiva,2300,1225,75.13374226135026,75.13374226135026,21,27,81.91236157244165,21202.80719093832,19634.525385553192,1568.2818053851297
2024-03-31,STORE_13,PROD_007,Pastel de Pollo,2,85.3223648071289,86.11386893590291,0.7915041287740071,16.171203171691232,65.38963819448222,106.83809967732361,0.56657223796034,Conservadora,2000,1530,88.82503506066021,88.82503506066021,85,87,99.72389689805792,22773.359645627315,22455.543099035414,317.816546591901
2024-03-31,STORE_13,PROD_008,Jugo de Naranja,7,105.74244689941406,103.38292325337729,-2.359523646036784,18.243174849439832,80.00335396457379,126.76249254218078,0.594059405940594,Conservadora,3000,2050,107.72479665851206,107.72479665851206,97,101,118.73676657494333,36753.76756979783,35727.43096579631,1026.3366040015171
2024-03-31,STORE_14,PROD_001,Tinto,4,65.42501068115234,65.55752221743266,0.13251153628031412,9.140446191975542,53.84356909033023,77.2714753445351,0.6772908366533864,Agresiva,1700,810,69.76337411572632,69.76337411572632,62,66,73.25031581717754,9152.741223760419,8233.331018352765,919.4102054076538
2024-03-31,STORE_14,PROD_002,Café con Leche,11,78.86775207519531,77.41830619176228,-1.4494458834330242,14.127062246428117,59.313747453306306,95.52286493021826,0.6543385490753911,Agresiva,2300,1215,83.02760354296808,83.02760354296808,67,73,89.3079417467451,19810.126734290017,18308.487814216795,1501.6389200732228
2024-03-31,STORE_14,PROD_003,Cappuccino,15,88.70748901367188,89.03665415445964,0.32916514078776044,13.722181771161388,71.45097062294019,106.62233768597909,0.6644518272425249,Agresiva,3000,1515,94.86369380853426,94.86369380853426,75,80,100.58553370438793,24716.728572733482,22585.74824196435,2130.9803307691327
2024-03-31,STORE_14,PROD_004,Pan de Bono,25,62.04140090942383,61.413068707784014,-0.6283322016398112,10.07498459730377,48.50145642427163,74.32468099129639,0.6382978723404256,Balanceada,1800,1020,64.97873443109708,64.97873443109708,37,40,69.89238967306781,11334.531271326647,10646.453221034591,688.0780502920552
2024-03-31,STORE_14,PROD_005,Buñuelo,41,163.84373474121094,164.3395305633545,0.49579582214355467,16.76939394123823,142.84868750472648,185.8303736219825,0.6746031746031746,Agresiva,1700,820,171.93036293617706,171.93036293617706,124,131,178.45300857890376,16858.851054866223,15217.183860274474,1641.6671945917496
2024-03-31,STORE_14,PROD_006,Croissant,15,111.60453033447266,110.96407995223998,-0.640450382232666,15.077320852866805,91.64171580903027,130.2864440954497,0.6524822695035462,Agresiva,2300,1225,116.87485401672136,116.87485401672136,96,102,123.65347332781275,21202.80719093832,19634.525385553192,1568.2818053851297
2024-03-31,STORE_14,PROD_007,Pastel de Pollo,13,124.73731994628906,125.52882407506307,0.7915041287740071,16.171203171691232,104.80459333364237,146.25305481648377,0.56657223796034,Conservadora,2000,1530,128.23999019982037,128.23999019982037,113,116,139.13885203721807,22773.359645627315,22455.543099035414,317.816546591901
2024-03-31,STORE_14,PROD_008,Jugo de Naranja,17,108.49615478515625,106.13663113911947,-2.359523646036784,18.243174849439832,82.75706185031598,129.51620042792297,0.594059405940594,Conservadora,3000,2050,110.47850454425425,110.47850454425425,90,94,121.49047446068552,36753.76756979783,35727.43096579631,1026.3366040015171
2024-03-31,STORE_15,PROD_001,Tinto,43,54.60944747924805,54.74195901552836,0.13251153628031412,9.140446191975542,43.02800588842592,66.4559121426308,0.6772908366533864,Agresiva,1700,810,58.94781091382202,58.94781091382202,12,16,62.43475261527324,9152.741223760419,8233.331018352765,919.4102054076538
2024-03-31,STORE_15,PROD_002,Café con Leche,20,77.295654296875,75.84620841344197,-1.4494458834330242,14.127062246428117,57.74164967498599,93.95076715189795,0.6543385490753911,Agresiva,2300,1215,81.45550576464777,81.45550576464777,56,62,87.73584396842479,19810.126734290017,18308.487814216795,1501.6389200732228
2024-03-31,STORE_15,PROD_003,Cappuccino,30,53.61159896850586,53.94076410929362,0.32916514078776044,13.722181771161388,36.35508057777416,71.52644764081307,0.6644518272425249,Agresiva,3000,1515,59.76780376336825,59.76780376336825,24,30,65.4896436592219,24716.728572733482,22585.748241964357,2130.9803307691254
2024-03-31,STORE_15,PROD_004,Pan de Bono,25,56.011695861816406,55.38336366017659,-0.6283322016398112,10.07498459730377,42.47175137666421,68.29497594368897,0.6382978723404256,Balanceada,1800,1020,58.94902938348966,58.94902938348966,31,34,63.86268462546039,11334.531271326647,10646.453221034591,688.0780502920552
2024-03-31,STORE_15,PROD_005,Buñuelo,51,119.7285385131836,120.22433433532714,0.49579582214355467,16.76939394123823,98.73349127669916,141.71517739395514,0.6746031746031746,Agresiva,1700,820,127.81516670814972,127.81516670814972,70,77,134.33781235087642,16858.851054866223,15217.183860274474,1641.6671945917496
2024-03-31,STORE_15,PROD_006,Croissant,33,129.2974853515625,128.65703496932983,-0.640450382232666,15.077320852866805,109.33467082612012,147.97939911253954,0.6524822695035462,Agresiva,2300,1225,134.56780903381122,134.56780903381122,96,102,141.3464283449026,21202.80719093832,19634.525385553196,1568.281805385126
2024-03-31,STORE_15,PROD_007,Pastel de Pollo,8,118.63448333740234,119.42598746617635,0.7915041287740071,16.171203171691232,98.70175672475565,140.15021820759705,0.56657223796034,Conservadora,2000,1530,122.13715359093365,122.13715359093365,112,115,133.03601542833135,22773.359645627315,22455.543099035414,317.816546591901
2024-03-31,STORE_15,PROD_008,Jugo de Naranja,38,112.54832458496094,110.18880093892416,-2.359523646036784,18.243174849439832,86.80923165012067,133.56837022772766,0.594059405940594,Conservadora,3000,2050,114.53067434405894,114.53067434405894,73,77,125.5426442604902,36753.76756979783,35727.43096579631,1026.3366040015171
2024-03-31,STORE_16,PROD_001,Tinto,12,82.76551055908203,82.89802209536235,0.13251153628031412,9.140446191975542,71.18406896825991,94.61197522246479,0.6772908366533864,Agresiva,1700,810,87.10387399365601,87.10387399365601,71,76,90.59081569510722,9152.741223760419,8233.331018352765,919.4102054076538
2024-03-31,STORE_16,PROD_002,Café con Leche,37,147.57553100585938,146.12608512242636,-1.4494458834330242,14.127062246428117,128.02152638397038,164.23064386088234,0.6543385490753911,Agresiva,2300,1215,151.73538247363214,151.73538247363214,110,115,158.01572067740918,19810.126734290017,18308.487814216787,1501.63892007323
2024-03-31,STORE_16,PROD_003,Cappuccino,47,101.51485443115234,101.84401957194011,0.32916514078776044,13.722181771161388,84.25833604042066,119.42970310345956,0.6644518272425249,Agresiva,3000,1515,107.67105922601473,107.67105922601473,55,61,113.3928991218684,24716.728572733482,22585.74824196435,2130.9803307691327
2024-03-31,STORE_16,PROD_004,Pan de Bono,23,49.17483139038086,48.546499188741045,-0.6283322016398112,10.07498459730377,35.63488690522866,61.45811147225343,0.6382978723404256,Balanceada,1800,1020,52.11216491205411,52.11216491205411,26,30,57.02582015402484,11334.531271326647,10646.453221034591,688.0780502920552
2024-03-31,STORE_16,PROD_005,Buñuelo,25,272.6626281738281,273.1584239959717,0.49579582214355467,16.76939394123823,251.6675809373437,294.6492670545997,0.6746031746031746,Agresiva,1700,820,280.74925636879425,280.74925636879425,249,256,287.271902011521,16858.851054866223,15217.183860274472,1641.6671945917515
2024-03-31,STORE_16,PROD_006,Croissant,3,196.44760131835938,195.8071509361267,-0.640450382232666,15.077320852866805,176.484786792917,215.12951507933641,0.6524822695035462,Agresiva,2300,1225,201.7179250006081,201.7179250006081,193,199,208.49654431169947,21202.80719093832,19634.525385553196,1568.281805385126
2024-03-31,STORE_16,PROD_007,Pastel de Pollo,7,187.6867218017578,188.4782259305318,0.7915041287740071,16.171203171691232,167.7539951891111,209.20245667195252,0.56657223796034,Conservadora,2000,1530,191.18939205528912,191.18939205528912,182,185,202.08825389268682,22773.359645627315,22455.543099035414,317.816546591901
2024-03-31,STORE_16,PROD_008,Jugo de Naranja,16,136.9870147705078,134.62749112447102,-2.359523646036784,18.243174849439832,111.24792183566753,158.00706041327453,0.594059405940594,Conservadora,3000,2050,138.9693645296058,138.9693645296058,119,123,149.98133444603707,36753.76756979783,35727.43096579631,1026.3366040015171
2024-03-31,STORE_17,PROD_001,Tinto,0,36.808834075927734,36.941345612208046,0.13251153628031412,9.140446191975542,25.22739248510561,48.65529873931048,0.6772908366533864,Agresiva,1700,810,41.147197510501705,41.147197510501705,37,42,44.63413921195293,9152.741223760419,8233.331018352765,919.4102054076538
2024-03-31,STORE_17,PROD_002,Café con Leche,37,50.61650466918945,49.16705878575643,-1.4494458834330242,14.127062246428117,31.062500047300457,67.2716175242124,0.6543385490753911,Agresiva,2300,1215,54.77635613696222,54.77635613696222,13,18,61.05669434073925,19810.126734290017,18308.487814216787,1501.63892007323
2024-03-31,STORE_17,PROD_003,Cappuccino,9,46.4483642578125,46.77752939860026,0.32916514078776044,13.722181771161388,29.191845867080804,64.36321293011972,0.6644518272425249,Agresiva,3000,1515,52.60456905267489,52.60456905267489,38,44,58.32640894852854,24716.728572733482,22585.748241964357,2130.9803307691254
2024-03-31,STORE_17,PROD_004,Pan de Bono,25,22.10348892211914,21.47515672047933,-0.6283322016398112,10.07498459730377,8.563544436966948,34.38676900399171,0.6382978723404256,Balanceada,1800,1020,25.040822443792397,25.040822443792397,0,1,29.954477685763127,11334.531271326647,10646.453221034591,688.0780502920552
2024-03-31,STORE_17,PROD_005,Buñuelo,29,69.28881072998047,69.78460655212402,0.49579582214355467,16.76939394123823,48.29376349349603,91.275449610752,0.6746031746031746,Agresiva,1700,820,77.3754389249466,77.3754389249466,41,49,83.89808456767331,16858.851054866223,15217.183860274474,1641.6671945917496
2024-03-31,STORE_17,PROD_006,Croissant,15,40.315792083740234,39.67534170150757,-0.640450382232666,15.077320852866805,20.352977558297866,58.997705844717274,0.6524822695035462,Agresiva,2300,1225,45.58611576598895,45.58611576598895,25,31,52.36473507708033,21202.80719093832,19634.525385553192,1568.2818053851297
2024-03-31,STORE_17,PROD_007,Pastel de Pollo,31,72.58546447753906,73.37696860631307,0.7915041287740071,16.171203171691232,52.652737864892366,94.10119934773377,0.56657223796034,Conservadora,2000,1530,76.08813473107037,76.08813473107037,43,46,86.98699656846807,22773.359645627315,22455.543099035414,317.816546591901
2024-03-31,STORE_17,PROD_008,Jugo de Naranja,22,67.83454895019531,65.47502530415854,-2.359523646036784,18.243174849439832,42.09545601535504,88.85459459296203,0.594059405940594,Conservadora,3000,2050,69.81689870929331,69.81689870929331,44,48,80.82886862572458,36753.76756979783,35727.43096579631,1026.3366040015171
2024-03-31,STORE_18,PROD_001,Tinto,8,63.993568420410156,64.12607995669048,0.13251153628031412,9.140446191975542,52.41212682958804,75.84003308379292,0.6772908366533864,Agresiva,1700,810,68.33193185498413,68.33193185498413,57,61,71.81887355643535,9152.741223760419,8233.331018352765,919.4102054076538
2024-03-31,STORE_18,PROD_002,Café con Leche,33,115.70489501953125,114.25544913609822,-1.4494458834330242,14.127062246428117,96.15089039764224,132.36000787455419,0.6543385490753911,Agresiva,2300,1215,119.86474648730402,119.86474648730402,82,87,126.14508469108104,19810.126734290017,18308.487814216795,1501.6389200732228
2024-03-31,STORE_18,PROD_003,Cappuccino,20,66.04571533203125,66.37488047281902,0.32916514078776044,13.722181771161388,48.789196941299565,83.96056400433847,0.6644518272425249,Agresiva,3000,1515,72.20192012689364,72.20192012689364,47,53,77.9237600227473,24716.728572733482,22585.74824196435,2130.9803307691327
2024-03-31,STORE_18,PROD_004,Pan de Bono,3,70.8702621459961,70.24192994435629,-0.6283322016398112,10.07498459730377,57.3303176608439,83.15354222786867,0.6382978723404256,Balanceada,1800,1020,73.80759566766936,73.80759566766936,68,71,78.72125090964008,11334.531271326647,10646.453221034591,688.0780502920552
2024-03-31,STORE_18,PROD_005,Buñuelo,29,97.37580871582031,97.87160453796386,0.49579582214355467,16.76939394123823,76.38076147933587,119.36244759659185,0.6746031746031746,Agresiva,1700,820,105.46243691078644,105.46243691078644,69,77,111.98508255351315,16858.851054866223,15217.183860274474,1641.6671945917496
2024-03-31,STORE_18,PROD_006,Croissant,22,98.79513549804688,98.1546851158142,-0.640450382232666,15.077320852866805,78.83232097260449,117.47704925902391,0.6524822695035462,Agresiva,2300,1225,104.06545918029558,104.06545918029558,77,83,110.84407849138697,21202.80719093832,19634.525385553192,1568.2818053851297
2024-03-31,STORE_18,PROD_007,Pastel de Pollo,6,131.00205993652344,131.79356406529743,0.7915041287740071,16.171203171691232,111.06933332387672,152.51779480671814,0.56657223796034,Conservadora,2000,1530,134.50473019005474,134.50473019005474,126,129,145.40359202745245,22773.359645627315,22455.543099035414,317.816546591901
2024-03-31,STORE_18,PROD_008,Jugo de Naranja,36,104.61421966552734,102.25469601949057,-2.359523646036784,18.243174849439832,78.87512673068707,125.63426530829406,0.594059405940594,Conservadora,3000,2050,106.59656942462534,106.59656942462534,67,71,117.60853934105661,36753.76756979783,35727.43096579631,1026.3366040015171
2024-03-31,STORE_19,PROD_001,Tinto,9,51.647010803222656,51.77952233950297,0.13251153628031412,9.140446191975542,40.06556921240053,63.4934754666054,0.6772908366533864,Agresiva,1700,810,55.98537423779663,55.98537423779663,43,47,59.47231593924785,9152.741223760419,8233.331018352765,919.4102054076538
2024-03-31,STORE_19,PROD_002,Café con Leche,16,77.02537536621094,75.57592948277791,-1.4494458834330242,14.127062246428117,57.47137074432193,93.68048822123389,0.6543385490753911,Agresiva,2300,1215,81.1852268339837,81.1852268339837,60,66,87.46556503776073,19810.126734290017,18308.487814216795,1501.6389200732228
2024-03-31,STORE_19,PROD_003,Cappuccino,8,83.11064910888672,83.43981424967448,0.32916514078776044,13.722181771161388,65.85413071815503,101.02549778119393,0.6644518272425249,Agresiva,3000,1515,89.26685390374911,89.26685390374911,76,82,94.98869379960277,24716.728572733482,22585.74824196435,2130.9803307691327
2024-03-31,STORE_19,PROD_004,Pan de Bono,25,49.49173355102539,48.863401349385576,-0.6283322016398112,10.07498459730377,35.95178906587319,61.77501363289796,0.6382978723404256,Balanceada,1800,1020,52.42906707269864,52.42906707269864,24,28,57.34272231466937,11334.531271326647,10646.453221034591,688.0780502920552
2024-03-31,STORE_19,PROD_005,Buñuelo,17,211.42593383789062,211.92172966003417,0.49579582214355467,16.76939394123823,190.43088660140617,233.41257271866218,0.6746031746031746,Agresiva,1700,820,219.51256203285675,219.51256203285675,195,203,226.03520767558345,16858.851054866223,15217.183860274474,1641.6671945917496
2024-03-31,STORE_19,PROD_006,Croissant,12,116.08137512207031,115.44092473983764,-0.640450382232666,15.077320852866805,96.11856059662793,134.76328888304735,0.6524822695035462,Agresiva,2300,1225,121.35169880431901,121.35169880431901,104,110,128.1303181154104,21202.80719093832,19634.525385553192,1568.2818053851297
2024-03-31,STORE_19,PROD_007,Pastel de Pollo,0,115.44931030273438,116.24081443150838,0.7915041287740071,16.171203171691232,95.51658369008769,136.96504517292908,0.56657223796034,Conservadora,2000,1530,118.95198055626568,118.95198055626568,117,119,129.85084239366338,22773.359645627315,22455.543099035414,317.816546591901
2024-03-31,STORE_19,PROD_008,Jugo de Naranja,18,89.19023132324219,86.83070767720541,-2.359523646036784,18.243174849439832,63.451138388401915,110.2102769660089,0.594059405940594,Conservadora,3000,2050,91.17258108234019,91.17258108234019,69,74,102.18455099877146,36753.76756979783,35727.43096579631,1026.3366040015171
2024-03-31,STORE_20,PROD_001,Tinto,19,42.391937255859375,42.52444879213969,0.13251153628031412,9.140446191975542,30.81049566503725,54.23840191924212,0.6772908366533864,Agresiva,1700,810,46.730300690433346,46.730300690433346,24,28,50.21724239188457,9152.741223760419,8233.331018352765,919.4102054076538
2024-03-31,STORE_20,PROD_002,Café con Leche,3,64.83489990234375,63.38545401891073,-1.4494458834330242,14.127062246428117,45.28089528045476,81.4900127573667,0.6543385490753911,Agresiva,2300,1215,68.99475137011652,68.99475137011652,61,66,75.27508957389355,19810.126734290017,18308.487814216787,1501.63892007323
2024-03-31,STORE_20,PROD_003,Cappuccino,8,111.30282592773438,111.63199106852214,0.32916514078776044,13.722181771161388,94.04630753700269,129.2176746000416,0.6644518272425249,Agresiva,3000,1515,117.45903072259676,117.45903072259676,104,110,123.18087061845043,24716.728572733482,22585.74824196435,2130.9803307691327
2024-03-31,STORE_20,PROD_004,Pan de Bono,42,40.49049377441406,39.86216157277425,-0.6283322016398112,10.07498459730377,26.950549289261865,52.77377385628663,0.6382978723404256,Balanceada,1800,1020,43.427827296087315,43.427827296087315,0,2,48.341482538058045,11334.531271326647,10646.453221034591,688.0780502920552
2024-03-31,STORE_20,PROD_005,Buñuelo,15,132.2541961669922,132.74999198913574,0.49579582214355467,16.76939394123823,111.25914893050775,154.24083504776374,0.6746031746031746,Agresiva,1700,820,140.3408243619583,140.3408243619583,118,126,146.863470004685,16858.851054866223,15217.183860274474,1641.6671945917496
2024-03-31,STORE_20,PROD_006,Croissant,11,129.9255828857422,129.28513250350952,-0.640450382232666,15.077320852866805,109.9627683602998,148.60749664671923,0.6524822695035462,Agresiva,2300,1225,135.1959065679909,135.1959065679909,119,125,141.97452587908228,21202.80719093832,19634.525385553196,1568.281805385126
2024-03-31,STORE_20,PROD_007,Pastel de Pollo,54,120.31610107421875,121.10760520299276,0.7915041287740071,16.171203171691232,100.38337446157206,141.83183594441346,0.56657223796034,Conservadora,2000,1530,123.81877132775006,123.81877132775006,68,70,134.71763316514776,22773.359645627315,22455.543099035414,317.816546591901
2024-03-31,STORE_20,PROD_008,Jugo de Naranja,33,153.21640014648438,150.85687650044758,-2.359523646036784,18.243174849439832,127.47730721164409,174.2364457892511,0.594059405940594,Conservadora,3000,2050,155.19874990558236,155.19874990558236,118,123,166.21071982201363,36753.76756979783,35727.43096579631,1026.3366040015171
